84786068,SaltyFingerz,hid slay button - was appearing for a split second,,Tue 20:08
8942c026,BensariB,Revert "Update CutsceneIntro.unity",This reverts commit 071ac1c094bf029d68acd22850ce5d736e72a346.
,Tue 19:36
071ac1c0,BensariB,Update CutsceneIntro.unity,,Tue 19:33
33308174,BensariB,Merge branch 'Gold-Master-2' of https://github.com/SaltyFingerz/Armadilloaf into Gold-Master-2,,Tue 19:27
3eff58f4,BensariB,cutscene,,Tue 19:27
a8f6d7c8,SaltyFingerz,Player Settings Icon and exe Name,,Tue 15:30
fc0ac4ea,SaltyFingerz,collider added to small window frame,,Tue 07:49
821a6d14,BensariB,Update CutSceneScript.cs,,Mon 14:32
afab49db,BensariB,video cutscene,,Mon 14:31
b7eba59d,SaltyFingerz,plop sound only from water,launch script was missing line specifying when the plop sound should play
,Mon 11:51
b2a66e60,SaltyFingerz,tiny error fixed on jelly prefab,needed empty game object child
,Sun 17:29
acfdf802,SaltyFingerz,correct jam model,,Sun 16:58
8ba9570d,SaltyFingerz,tidied folders a bit, added hidden fruit collectibles,,Sun 16:43
6497b155,SaltyFingerz,new ejections sprites in,,Sun 15:54
3e702c11,SaltyFingerz,updated button sprites in pause menu,,Sun 10:43
91e8659d,SaltyFingerz,NPC sprites with thicc outlines, Return accepted from Main Menu, LvlComplete UI font to white,white font for visibility in front of vent bg
Also splash screen to only unity logo.
,Sun 09:49
5945896f,BensariB,Update LevelProgressScript.cs,,Sat 20:31
8c8e7d75,SaltyFingerz,bug fix: lvl complete in build working, can with finish in its name causing freeze fixed,,Sat 11:24
704eeda9,SaltyFingerz,animation sprites in,,Sat 10:05
74b8e66a,SaltyFingerz,Revert "final animation sprites in",This reverts commit 796847e20c661001e1628239cedc47f16c49ddb2.
,Sat 09:47
796847e2,SaltyFingerz,final animation sprites in,,Sat 09:09
15a2d194,SaltyFingerz,bug fix: level complete screen butons working and background blurred,,Fri May 12 18:08
3271e8a0,AdamGGUK,changed end music,,Fri May 12 16:30
7d1406ad,SaltyFingerz,final can and enemy textures and jam meshes,,Fri May 12 15:56
c93030e2,SaltyFingerz,diroll sprite added, mirol voice pitched up,dirolls foot Ã¡lso lifted above ground
,Fri May 12 14:21
b9b069d9,SaltyFingerz,checkpoint ui in, merrol parent sprite in, fixed floating after restarting from under water,,Fri May 12 13:44
df9db3e0,AdamGGUK,complete,,Wed May 10 18:32
f89e0f4f,AdamGGUK,implemented level complete screen,,Wed May 10 17:54
bcff2b9f,SaltyFingerz,bug fix: jelly decal when ball location,,Wed May 10 14:13
5f5e03e7,BensariB,Merge branch 'Gold-Master-2' of https://github.com/SaltyFingerz/Armadilloaf into Gold-Master-2,,Wed May 10 13:32
0c03a384,BensariB,arrow keys and G key disabled,,Wed May 10 13:32
6049590f,SaltyFingerz,added box collider to small window,,Tue May 9 16:19
404652bb,SaltyFingerz,Merge branch 'Gold-Master-2' of https://github.com/SaltyFingerz/Armadilloaf into Gold-Master-2,,Tue May 9 13:52
cd2f49dc,SaltyFingerz,ejection sound,,Tue May 9 13:52
6f137162,BensariB,Merge branch 'Gold-Master-2' of https://github.com/SaltyFingerz/Armadilloaf into Gold-Master-2,,Tue May 9 13:37
30f51c7d,BensariB,Update PlayerLaunchScript.cs,,Tue May 9 13:37
b8ef95e4,SaltyFingerz,Main Menu and Splash Screen background assets in,,Tue May 9 13:35
81600c4e,SaltyFingerz,Merge branch 'Gold-Master-2' of https://github.com/SaltyFingerz/Armadilloaf into Gold-Master-2,,Tue May 9 13:21
d0632538,BensariB,Update TutorialManager.cs,,Tue May 9 12:36
9d7a6ab9,BensariB,Merge branch 'Gold-Master-2' of https://github.com/SaltyFingerz/Armadilloaf into Gold-Master-2,,Tue May 9 12:35
ffa768f9,BensariB,Update PlayerLaunchScript.cs,,Tue May 9 12:34
0de80abe,SaltyFingerz,trail hoops should now never play while aiming,,Tue May 9 12:32
d3d26ea2,SaltyFingerz,boost prompt leaves even after staying in zone,,Tue May 9 12:11
1fa3443b,BensariB,Update TutorialManager.cs,,Tue May 9 12:05
7ef61cfc,BensariB,Update TutorialManager.cs,,Tue May 9 12:04
0a71d782,BensariB,Update TutorialManager.cs,,Tue May 9 12:02
eaa223cf,BensariB,Update TutorialManager.cs,,Tue May 9 11:58
9aff08b0,BensariB,Merge branch 'Gold-Master' of https://github.com/SaltyFingerz/Armadilloaf into Gold-Master,,Tue May 9 10:55
be6c484f,BensariB,Update PrototypePlayerMovement.cs,,Tue May 9 10:55
ac042205,BensariB,indentation and whitespace,,Tue May 9 10:52
eebf2e3f,SaltyFingerz,adjusted position of last checkpoint and launch parent,last checkpoint a bit more ahead so you can't miss it, parent closer to ramp so you can read all text without having to move mouse away from aiming
,Tue May 9 10:51
493bdd56,BensariB,removed commented out code,,Tue May 9 10:45
0f53136b,AdamGGUK,removed commented out code,,Mon May 8 18:12
29eb652b,SaltyFingerz,removed print statements, adjusted fridge contact with floor,,Mon May 8 17:55
ef6c0a2e,SaltyFingerz,bug fix: flour decal to not render on bottom of shelf, fridge stickers to display well,,Mon May 8 14:52
253ea77c,SaltyFingerz,adjusted volume of haba speech, made second haba different from first,,Mon May 8 11:35
72b7433f,SaltyFingerz,tutorial manager state machine, for single prompt at a time in first launch zone
,Sun May 7 20:48
4197ff74,SaltyFingerz,deffluf working (again),:')
,Sun May 7 16:50
a0b5bbcc,BensariB,Update PlayerLaunchScript.cs,,Sun May 7 14:48
c4608b41,BensariB,Merge branch 'Beta' of https://github.com/SaltyFingerz/Armadilloaf into Beta,,Sun May 7 14:43
8540a6de,SaltyFingerz,bug fix in defluffing,works across states
,Sun May 7 13:14
72e9b0b8,SaltyFingerz,clouds animation redone, shrink prompt only visible when in zone,,Sun May 7 00:03
3794920c,SaltyFingerz,boing effects when bouncy, improving cloud animation,,Sat May 6 15:14
48f9293a,SaltyFingerz,slower rolling speed when small, fridge transparent from inside,  layering of enemies in vents and 2d props with walls, shrink prompt disabled when small, jump prompt static size,,Fri May 5 19:35
61d57593,SaltyFingerz,Merge branch 'Beta' of https://github.com/SaltyFingerz/Armadilloaf into Beta,,Fri May 5 15:48
c8a2faed,SaltyFingerz,updated cereal texture, moved ramps on shelves a tiny bit closer to wall to seal gap,,Fri May 5 15:48
b16f8634,AdamGGUK,fixed end screen + added end music,,Fri May 5 15:32
3efb08c7,SaltyFingerz,Merge branch 'Beta' of https://github.com/SaltyFingerz/Armadilloaf into Beta,,Fri May 5 15:04
9beda3c5,SaltyFingerz,tail color, fridge inside transparent for anti clipping, single flag checkpoint,,Fri May 5 15:04
a7e04414,AdamGGUK,removed all print statements,,Fri May 5 14:49
a8fb40b3,SaltyFingerz,new ball texture, upda[ted curl prompt. melon parent one position adjustment,,Thu May 4 19:18
abdda1b7,SaltyFingerz,cutscene placeholder updated, redid fluff work in player launch script, resized sky in small window again, removed extra player,,Wed May 3 23:06
12a93078,SaltyFingerz,Merge branch 'Beta' of https://github.com/SaltyFingerz/Armadilloaf into Beta,,Wed May 3 21:07
b2280c0e,SaltyFingerz,checkpoints using flour mounds and decals, checkered finishing flags with radial effect, checkpoint text on scale with screen size,,Wed May 3 21:07
27b770e2,AdamGGUK,expanded on end screen,,Wed May 3 20:49
aca53079,Lucia,Flag and Jam Jar,,Wed May 3 18:54
cb065ea6,AdamGGUK,Merge branch 'Beta' of https://github.com/SaltyFingerz/Armadilloaf into Beta,,Wed May 3 17:56
bdb1d704,AdamGGUK,added fan sounds,,Wed May 3 17:56
c67e85ef,SaltyFingerz,Merge branch 'Beta' of https://github.com/SaltyFingerz/Armadilloaf into Beta,,Wed May 3 17:51
79281610,SaltyFingerz,defluff working consistently, removed free cam and restart control, main menu new title and font, checkpoint new font,,Wed May 3 17:51
48b633d3,AdamGGUK,checkpoint fix,,Wed May 3 17:35
29d7d5ff,MATTHEW HART,Tweaked Ramp,FIXED:
 Inverted Normal Model clipping through base model
,Wed May 3 16:34
631f5e48,MATTHEW HART,Updated Track Twirl,ADDED:
 New T_CzTwirl Model
 New T_CzTwirl Ramp Model
,Wed May 3 16:31
64f721d5,SaltyFingerz,float in water,,Wed May 3 15:57
68f12ff7,SaltyFingerz,updated checkpoint flags, removed fruit in goal,,Wed May 3 15:27
f3529219,SaltyFingerz,yellow overlay alpha werking across states,cheeky lil public static float in player manager called yellowAlpha :$
,Wed May 3 15:14
942d0233,BensariB,Merge branch 'Beta' of https://github.com/SaltyFingerz/Armadilloaf into Beta,,Wed May 3 14:53
5decf55d,BensariB,first camera change bug fix,,Wed May 3 14:52
7211f3bb,SaltyFingerz,Merge branch 'Beta' of https://github.com/SaltyFingerz/Armadilloaf into Beta,,Wed May 3 14:49
6b6c74dc,SaltyFingerz,ramps lower, rolling pin seperate renderer and collider to prevent bouncing off them, red write for dough and other meshes,,Wed May 3 14:49
a5912b3a,BensariB,mesh collider fix,,Wed May 3 14:29
a2ec85b9,BensariB,respawn bug fix,,Wed May 3 13:33
71d5fb16,BensariB,Merge branch 'Beta' of https://github.com/SaltyFingerz/Armadilloaf into Beta,,Wed May 3 13:32
2cb85aac,SaltyFingerz,rb to dough on rolling pins to prevent bouncing off them like a total lunatic,,Wed May 3 13:21
5cd0f1f0,SaltyFingerz,bug fix: getting jelly as ball after being blue doesnt flicker any more and player becomes immune with jelly,,Wed May 3 12:54
474fce6f,SaltyFingerz,bug fix: clipping through ramps at small size at full force by changing rb to interpolate and cont dynamic,,Wed May 3 12:40
9766c702,SaltyFingerz,clouds working in both windows simultaneously, uncurl prompt no more after leaving first ramp,,Wed May 3 12:25
fe4d794e,BensariB,Merge branch 'Beta' of https://github.com/SaltyFingerz/Armadilloaf into Beta,,Wed May 3 11:52
bbaaf258,BensariB,Update PlayerManagerScript.cs,,Wed May 3 11:51
3fae7caa,SaltyFingerz,bug fix: particle systems using particle system shader stopped glare, tap not reflecting for no glare,,Wed May 3 11:51
e3235505,SaltyFingerz,size support float to increase force when rolling and launching at biggest size enabling player to knock cereal boxes by launching,,Wed May 3 10:57
6726a1f5,SaltyFingerz,bug fix: colliders of dough and biscuits by making mesh collider non convex,,Wed May 3 10:36
97958567,SaltyFingerz,pain audio applied for ball state too,,Wed May 3 10:21
670549fd,SaltyFingerz,new pause menu sprite assets size, adjusted their position, bug fix pain audio playing for multiple deaths,,Wed May 3 09:51
674bd6f8,SaltyFingerz,Launching smack sounds,,Tue May 2 22:04
59e22a8f,SaltyFingerz,pause screen text outline removed, new skip button in,,Tue May 2 21:50
4f20923d,SaltyFingerz,tutorial prompts flowing better, fixed new bug where u can jump off invisible trigger volumes,,Tue May 2 21:24
dfce2f7f,SaltyFingerz,Merge branch 'Beta' of https://github.com/SaltyFingerz/Armadilloaf into Beta,,Tue May 2 17:13
1634cf0f,SaltyFingerz,new speech bubbles, can adjusted to reduce clipping of outline, trying to get flow of speech bubble wip,,Tue May 2 17:13
90b73a8e,AdamGGUK,bugfix,,Tue May 2 17:06
00771ad2,AdamGGUK,added extra pause menu functionality,,Tue May 2 17:03
49167696,MATTHEW HART,New Wall Window Implmentation,ADDED:
 New Wall w/ Small Window
,Tue May 2 16:24
b590f955,MATTHEW HART,Tunnel Tweaks,CHANGED:
 Suitable Physic Material Applications for different areas
,Tue May 2 15:18
a65fe712,MATTHEW HART,Track Update 2.2,FIXED:
 Generated Colliders not working
,Tue May 2 15:02
8c0da811,MATTHEW HART,Track Update 2.1,FIXED:
 Missing Applied Materials
,Tue May 2 14:59
ff17ca73,MATTHEW HART,Track Update 2,Hopefully won't break this time
,Tue May 2 14:57
f1249565,SaltyFingerz,bug fix, growing and shrinking when ball can interrupt each other without getting stuck in ball size,,Tue May 2 14:55
2d09c4e8,MATTHEW HART,Revert "Track Update 2",This reverts commit 5d0ecb3f29a5fae3ca2d268d931260382cb46a36.
,Tue May 2 14:12
5d0ecb3f,MATTHEW HART,Track Update 2,,Tue May 2 14:11
4d7fd512,SaltyFingerz,updated silhouette and sprite sheet for curling silhouette,,Tue May 2 14:02
f1c15adc,MATTHEW HART,Track Update,CHANGED:
 New backface culling on track meshes (Need to fix transparency possibly)
,Tue May 2 12:51
bddcf101,SaltyFingerz,Merge branch 'Beta' of https://github.com/SaltyFingerz/Armadilloaf into Beta,,Tue May 2 12:10
6a9f1ed3,SaltyFingerz,revert of gitignore,,Tue May 2 12:09
95df2bef,MATTHEW HART,Fixed .Gitignore,,Tue May 2 12:09
9f3c4f12,SaltyFingerz,window with moving clouds, prompt time 1.5s, melons stops talking when you leave the isle,,Tue May 2 12:00
e084a403,SaltyFingerz,unlit bottom text of cabinets, can outline, ramp textures implemented,,Tue May 2 11:33
755af3d7,Matthew Hart,New Ramp Textures,ADDED:
 New Ramp Texture
CHANGED:
 New Ramp UVs created due to inefficiencies
,Mon May 1 23:32
695c5996,Matthew Hart,Model Additions,ADDED:
 New Plate Model (with Inverted Normal Edge Mesh)
 Inverted Normal Edge Mesh for Can
CHANGED:
 Changed Existing Prefabs over to new models
FIXED:
 Missing Fan Model re-added (Why do these keep disappearing!)
,Mon May 1 23:07
b8fd2064,SaltyFingerz,reapplied texture to isle,,Mon May 1 22:50
2e370c88,SaltyFingerz,Merge branch 'Beta' of https://github.com/SaltyFingerz/Armadilloaf into Beta,,Mon May 1 22:46
1f01de0a,SaltyFingerz,new bread top meshes and textures without pixelation and new wallpaper,,Mon May 1 22:46
fbc366c6,Lucia,Merge branch 'Beta' of https://github.com/SaltyFingerz/Armadilloaf into Beta,,Mon May 1 22:37
76e365ee,Lucia,Scene Lucia,,Mon May 1 22:37
63c3e43e,SaltyFingerz,outlines without gaps using inverted normal models for cereal boxes, plates, ramps and edge borders of counters,,Mon May 1 21:28
f2d2b259,SaltyFingerz,silhouette corresponding to player colour,shader graph boolean parameters for jellied and fluffed changed via player manager
,Mon May 1 19:59
15e3273c,SaltyFingerz,fixed can outline clipping through floor,duplicated mesh in prefab, seperated mesh from collider and made mesh smaller than collider
,Mon May 1 18:49
1c736b94,SaltyFingerz,big fixes: jelly bounciness working again, immunity from enemies working in ball form,,Mon May 1 15:34
65aa4f91,Matthew Hart,Fan_02_Implementation,GITHUB STOP DELETING STUFF
,Mon May 1 14:10
460d3ebf,SaltyFingerz,Merge branch 'Beta' of https://github.com/SaltyFingerz/Armadilloaf into Beta,,Mon May 1 14:08
d0080371,SaltyFingerz,second last biscuit adjusted for ease,,Mon May 1 14:08
2dddac50,Lucia,Merge branch 'Beta' of https://github.com/SaltyFingerz/Armadilloaf into Beta,,Mon May 1 13:54
385cfa99,Lucia,New Textures + New Models,,Mon May 1 13:54
ce40764a,SaltyFingerz,Merge branch 'Beta' of https://github.com/SaltyFingerz/Armadilloaf into Beta,,Mon May 1 13:49
2a47862f,SaltyFingerz,DoF a little more,,Mon May 1 13:48
865e500d,Lucia,Update .gitignore,,Mon May 1 13:43
b2f31b6e,Lucia,Merge branch 'Beta' of https://github.com/SaltyFingerz/Armadilloaf into Beta,,Mon May 1 13:43
094962aa,Lucia,New Crust Textures,,Mon May 1 13:34
e3942213,Matthew Hart,M_Wall_Paper_02 implementation,Plz don't delete this time
,Mon May 1 13:22
f9dc8b69,Lucia,Merge branch 'Beta' of https://github.com/SaltyFingerz/Armadilloaf into Beta,,Mon May 1 13:09
0f75363d,SaltyFingerz,uncurling animation, jelly disappear immediately on pickup,,Mon May 1 12:41
bc93ac1f,SaltyFingerz,fixed uncollectibles, motion rings to not appear while aiming, moved 2D decorations closer to wall,2D decorations closer to wall so players cant go behind them
,Mon May 1 11:43
3132ca81,SaltyFingerz,bang effect on launch, yellow tail, speech bubbles in front of objects, dust from curling timing on curl, ball growth animation from small to big,,Sun Apr 30 18:00
1f519c78,BensariB,better camera switch,,Sat Apr 29 15:31
fdf5e5a4,BensariB,smoother camera transition to ball mode,,Sat Apr 29 15:20
ad762ae7,BensariB,more precise rotation when switching cameras,,Sat Apr 29 15:07
77d7f8a8,Lucia,Better lines,,Fri Apr 28 23:42
a30442fb,Lucia,Merge branch 'Beta' of https://github.com/SaltyFingerz/Armadilloaf into Beta,,Fri Apr 28 23:42
843b68f2,SaltyFingerz,fixed lines in speech bubbles, import settings wrap mode to clamped not repeat,,Fri Apr 28 23:37
a3c610b3,BensariB,no rolling without launching first, fixed rolling direction,,Fri Apr 28 22:02
5549d78f,Lucia,Merge branch 'Beta' of https://github.com/SaltyFingerz/Armadilloaf into Beta,,Fri Apr 28 16:50
53eceb4d,Lucia,Single Cabinet new texture,,Fri Apr 28 16:50
df72e389,SaltyFingerz,moved jellies and made gap to macaroni smaller, moved trigger for closing banana prompt,,Fri Apr 28 15:24
45ab2027,SaltyFingerz,new tutorial speech bubbles,,Thu Apr 27 00:08
1599eb61,SaltyFingerz,fruit ui with font, speech bubble assets and new health assets in folders,,Wed Apr 26 19:53
b7f15005,SaltyFingerz,mass adjustment to big ball so it can still be launched,big mass 6 vs 3 normal
,Wed Apr 26 17:22
c4e43770,SaltyFingerz,Merge branch 'Beta' of https://github.com/SaltyFingerz/Armadilloaf into Beta,,Wed Apr 26 17:17
bfce8ea8,SaltyFingerz,made pushing force work using custom controller, adjusted mass of objects,,Wed Apr 26 17:17
3ffda345,cazmeyy,Added Tail to match new player texture,Added new mesh to 'placeholder arrow' and adjusted its material and position relative to the player
,Wed Apr 26 16:59
e8315da3,cazmeyy,Merge branch 'Beta' of https://github.com/SaltyFingerz/Armadilloaf into Beta,,Wed Apr 26 16:41
0b8d9b39,cazmeyy,Honey shader colour tweak,Changed honey shader values and added objects to replace dough ramps
,Wed Apr 26 16:41
29aa58d4,SaltyFingerz,fixed respawning big without jelly effect,,Wed Apr 26 16:40
a83c7e77,SaltyFingerz,Merge branch 'Beta' of https://github.com/SaltyFingerz/Armadilloaf into Beta,,Wed Apr 26 16:34
8f0b35da,SaltyFingerz,bug fix can walk and jump on edge, using trigger for grounded detection,,Wed Apr 26 16:34
26bfbe7a,BensariB,Update PlayerLaunchScript.cs,,Wed Apr 26 16:28
9f2225cb,SaltyFingerz,new 2D kitchen implements,,Wed Apr 26 16:07
b1540371,BensariB,higher minimum speed relaunch threshold,,Wed Apr 26 15:54
79fdf360,BensariB,Merge branch 'Beta' of https://github.com/SaltyFingerz/Armadilloaf into Beta,,Wed Apr 26 15:53
add4f0ab,BensariB,relaunch fix,,Wed Apr 26 15:53
4c28d497,SaltyFingerz,Merge branch 'Beta' of https://github.com/SaltyFingerz/Armadilloaf into Beta,,Wed Apr 26 15:42
6b00d696,SaltyFingerz,fixed pause screen to respond when underwater with yellow overlay,,Wed Apr 26 15:42
ec5a01a6,BensariB,Update PlayerLaunchScript.cs,,Wed Apr 26 15:22
15dc13b7,BensariB,Merge branch 'Beta' of https://github.com/SaltyFingerz/Armadilloaf into Beta,,Wed Apr 26 15:21
da8aa18e,BensariB,infinite force bug fix,,Wed Apr 26 15:21
46b0b52c,SaltyFingerz,big cans and cereal using mass of 15 and 20 respectively instead of frozen rotation preventing clipping and freezing mid air,,Wed Apr 26 15:09
e9881bef,SaltyFingerz,Merge branch 'Beta' of https://github.com/SaltyFingerz/Armadilloaf into Beta,,Wed Apr 26 14:13
dce2550c,SaltyFingerz,cereals not frozen, using mass instead,,Wed Apr 26 14:13
9d4ac2a9,BensariB,Merge branch 'Beta' of https://github.com/SaltyFingerz/Armadilloaf into Beta,,Wed Apr 26 14:10
acc97a71,BensariB,Update PlayerLaunchScript.cs,,Wed Apr 26 14:10
e99d89ac,SaltyFingerz,Merge branch 'Beta' of https://github.com/SaltyFingerz/Armadilloaf into Beta,,Wed Apr 26 13:38
95c5d03a,SaltyFingerz,blur bg pause screen,,Wed Apr 26 13:37
afacc739,BensariB,Merge branch 'Beta' of https://github.com/SaltyFingerz/Armadilloaf into Beta,,Wed Apr 26 13:31
e26feb41,BensariB,AWSD skips power input,,Wed Apr 26 13:31
a8f3d2d9,BensariB,rolling bug fixes,,Wed Apr 26 13:18
8eb1f6fc,SaltyFingerz,fixed shrinking animation playing when already small and entering ball state,,Wed Apr 26 13:16
d16b6d96,SaltyFingerz,fixed ball clipping through rbs - using force instead of velocity,,Wed Apr 26 13:00
3b65a153,SaltyFingerz,tiny movement of vent entrance hole to prevent clipping with wall,,Wed Apr 26 12:39
222a1885,BensariB,Merge branch 'Beta' of https://github.com/SaltyFingerz/Armadilloaf into Beta,,Wed Apr 26 12:33
01741ea6,BensariB,no change in camera offset when size changes,,Wed Apr 26 12:33
8d445eef,BensariB,Update PlayerLaunchScript.cs,,Wed Apr 26 12:27
ea853acb,BensariB,Update CustomController.cs,,Wed Apr 26 12:18
43dbcbbe,SaltyFingerz,melon fruit font and bubble adjustment,,Wed Apr 26 12:18
d279df61,BensariB,less camera jump,,Wed Apr 26 12:12
8b022586,SaltyFingerz,Merge branch 'Beta' of https://github.com/SaltyFingerz/Armadilloaf into Beta,,Wed Apr 26 12:07
5f485a78,SaltyFingerz,melon in HUD,,Wed Apr 26 12:07
fe90fb97,BensariB,Merge branch 'Beta' of https://github.com/SaltyFingerz/Armadilloaf into Beta,,Wed Apr 26 12:06
a7bd7dda,BensariB,calmp is more clamped,,Wed Apr 26 12:06
0c6272a4,SaltyFingerz,Merge branch 'Beta' of https://github.com/SaltyFingerz/Armadilloaf into Beta,,Wed Apr 26 11:59
4af0ddc3,SaltyFingerz,dying vfx vignette and desaturation and checkpoint restores hp,,Wed Apr 26 11:59
27b86bde,BensariB,transfer of X rotation between player states,,Wed Apr 26 11:50
e42f63d8,MATTHEW HART,Collision Fixes,FIXED:
 Collision Fixes for Oven
,Wed Apr 26 11:23
70f8fe8b,AdamGGUK,Refactored pause screen,,Tue Apr 25 22:46
b546f8d3,AdamGGUK,Added new pause menu,,Tue Apr 25 21:21
3a974741,SaltyFingerz,fixed fluffing effect working multiple times without having to wait 10 seconds,,Tue Apr 25 21:04
602b987e,SaltyFingerz,growing interrupting shrinking using gradual size change, shrinking with jelly from ball color change, made ejection vfx visible again,also pink ui when in ball state and jelly
,Tue Apr 25 19:59
9dd0bbb4,AdamGGUK,Fixed flythrough skip yet again,,Tue Apr 25 17:12
e48f7774,SaltyFingerz,Merge branch 'Beta' of https://github.com/SaltyFingerz/Armadilloaf into Beta,,Tue Apr 25 17:02
3683354d,AdamGGUK,Merge branch 'Beta' of https://github.com/SaltyFingerz/Armadilloaf into Beta,,Tue Apr 25 17:02
d07eff4a,AdamGGUK,Fixed skip AGAIN,,Tue Apr 25 17:02
14619693,Lucia,Merge branch 'Beta' of https://github.com/SaltyFingerz/Armadilloaf into Beta,,Tue Apr 25 16:57
32cf3343,Lucia,Textures  cabinet,,Tue Apr 25 16:57
7cfbc5c6,SaltyFingerz,Revert "Merge branch 'Beta' of https://github.com/SaltyFingerz/Armadilloaf into Beta",This reverts commit 64c0c19a2e6dcdc5633260846479d0aea4ca2017, reversing
changes made to 98205b4e6aa77a4436a172ddf54e68a61a3bb4da.
,Tue Apr 25 16:48
563df676,SaltyFingerz,Revert "Merge branch 'Beta' of https://github.com/SaltyFingerz/Armadilloaf into Beta",This reverts commit 4bb8322e6ce77b8c244a36925c2e7a43578d9aa6, reversing
changes made to 64c0c19a2e6dcdc5633260846479d0aea4ca2017.
,Tue Apr 25 16:48
4bb8322e,SaltyFingerz,Merge branch 'Beta' of https://github.com/SaltyFingerz/Armadilloaf into Beta,,Tue Apr 25 16:43
64c0c19a,SaltyFingerz,Merge branch 'Beta' of https://github.com/SaltyFingerz/Armadilloaf into Beta,,Tue Apr 25 16:42
d956f1e0,AdamGGUK,Merge branch 'Beta' of https://github.com/SaltyFingerz/Armadilloaf into Beta,,Tue Apr 25 16:40
23228a40,AdamGGUK,Added random sprites for the pause screen,,Tue Apr 25 16:40
23bb9866,MATTHEW HART,Wallpaper_02_implementation,ADDED:
 M_Wall_02_Base
,Tue Apr 25 16:38
a0804f77,BensariB,camera recalculation,,Tue Apr 25 16:36
98205b4e,SaltyFingerz,can pyramid,,Tue Apr 25 16:31
b0e43d05,AdamGGUK,Fixed skip + intensified damage pitch shift,,Tue Apr 25 16:18
f0a205a4,AdamGGUK,Merge branch 'Beta' of https://github.com/SaltyFingerz/Armadilloaf into Beta,,Tue Apr 25 16:10
eb8055a9,AdamGGUK,Added ability to skip flyover,,Tue Apr 25 16:10
678ed0c7,cazmeyy,Small shelf tweak,lower one of the shelves
,Tue Apr 25 16:08
728905e8,cazmeyy,New Shelf Collision + Armadillo tail,still Some tweaks to tail needed
,Tue Apr 25 16:07
9581bf80,BensariB,Merge branch 'Beta' of https://github.com/SaltyFingerz/Armadilloaf into Beta,,Tue Apr 25 14:04
70924a45,BensariB,camera rotation change,,Tue Apr 25 14:04
51153112,SaltyFingerz,Merge branch 'Beta' of https://github.com/SaltyFingerz/Armadilloaf into Beta,,Tue Apr 25 13:58
0f06e312,SaltyFingerz,HUD UI dimensions adjustments,,Tue Apr 25 13:58
16c4fb21,MATTHEW HART,Fan Model Implementation,ADDED:
 Fan Model
 Fan Obstacle
,Tue Apr 25 13:57
c04b0f64,AdamGGUK,added audio stuff + flythrough skip,,Tue Apr 25 13:43
2690a304,MATTHEW HART,Level Fixes,CHANGED:
 Collision Issues with cans & ramps
,Tue Apr 25 12:53
3b1e836d,SaltyFingerz,Merge branch 'Beta' of https://github.com/SaltyFingerz/Armadilloaf into Beta,,Tue Apr 25 12:43
3911e770,SaltyFingerz,player not above shadow, can jump when jelly big,,Tue Apr 25 12:43
a380004e,MATTHEW HART,Updated Physics Materials,CHANGED:
 Track Materials parameters tweaked
,Tue Apr 25 12:38
2a21de5d,BensariB,Merge branch 'Beta' of https://github.com/SaltyFingerz/Armadilloaf into Beta,,Tue Apr 25 12:30
bb1059cd,BensariB,better camera change,,Tue Apr 25 12:30
496bb845,MATTHEW HART,Arrow Model,ADDED:
 New Arrow Model for tunnel (WIP)
,Tue Apr 25 12:28
5d903d67,SaltyFingerz,player less sticky to walls,,Tue Apr 25 12:15
b3297ade,SaltyFingerz,Merge branch 'Beta' of https://github.com/SaltyFingerz/Armadilloaf into Beta,,Tue Apr 25 12:05
e3695013,SaltyFingerz,fixed walking into things,,Tue Apr 25 12:05
3199e4f0,MATTHEW HART,Model Update,FIXED:
 Added Mixer Model collision
,Tue Apr 25 11:59
3d78b2a4,SaltyFingerz,Merge branch 'Beta' of https://github.com/SaltyFingerz/Armadilloaf into Beta,,Tue Apr 25 11:54
b5110b4e,MATTHEW HART,World Fixes,CHANGED:
 Final Platforms tweaked
FIXED:
 Enemy NavMesh re-baked (Should be working now)
 Door Handle has now acquired collision
,Tue Apr 25 11:53
826f546b,SaltyFingerz,tutorial speech bubbles parented by parents,,Tue Apr 25 11:53
f9a0e32d,BensariB,cameras behave more similliarly,,Tue Apr 25 11:52
304f4569,SaltyFingerz,Merge branch 'Beta' of https://github.com/SaltyFingerz/Armadilloaf into Beta,,Tue Apr 25 11:30
db8388cd,SaltyFingerz,audio to fire, sponge,,Tue Apr 25 11:30
e35ba0b1,BensariB,Merge branch 'Beta' of https://github.com/SaltyFingerz/Armadilloaf into Beta,,Tue Apr 25 11:25
374dbabb,BensariB,camera change works with rolling,,Tue Apr 25 11:25
1f9eaef4,AdamGGUK,replaced pickup sounds,,Tue Apr 25 11:16
5e63362d,Matthew Hart,Tunnel Update,ADDED:
 New Materials
,Mon Apr 24 21:07
a076a8a9,SaltyFingerz,adjusted z scale of planes in vent to be tall enough,,Mon Apr 24 20:21
59a26edc,Matthew Hart,Tunnel Update,CHANGED:
 Tunnel Meshes Simplified
,Mon Apr 24 20:13
71bc78b2,SaltyFingerz,yellower impact vfx/less red, walking player more friction,,Mon Apr 24 17:31
ba74b544,SaltyFingerz,shrink sound less obnoxious,,Mon Apr 24 17:07
2c623347,SaltyFingerz,big player can now jump higher wee,,Mon Apr 24 17:04
7ae2c4b9,SaltyFingerz,fixed cutscene not loading level 1 after the first time,added new slay button
,Mon Apr 24 16:26
6f8f6b05,SaltyFingerz,fixed growing animation from playing twice in ball state from small to normal,,Mon Apr 24 15:35
b603e703,BensariB,iNvErtEd ROtaTiOn struggles continued,,Mon Apr 24 14:06
2bd6dbb5,BensariB,iNvErtEd ROtaTiOn,,Mon Apr 24 13:45
faf6130f,SaltyFingerz,bug fix, restarting not pink, added plane walls to pipes for submitting alpha 2.0 by 24th April,,,Mon Apr 24 00:36
b392eb62,SaltyFingerz,fixed not dying on floor when big,,Sun Apr 23 20:32
92d23683,SaltyFingerz,fixed issue of size change from walking to ball third time, animation scale needed removal from curling animation
,Sun Apr 23 20:22
c7f46925,SaltyFingerz,fixed growing animation playing when curling from big walker,,Sun Apr 23 19:13
7a7b7ba0,SaltyFingerz,fixed color changing from jelly and fluff between ball,,Sun Apr 23 18:49
fa92ec4b,SaltyFingerz,trying to fix new bug when changing states and size,,Sun Apr 23 17:26
3640d062,SaltyFingerz,curling animation implemented, fixed hidden enemies by wall,,Sun Apr 23 16:54
71efd52d,SaltyFingerz,fixed overlay not leaving on respawn,,Sun Apr 23 15:26
ce9bb931,SaltyFingerz,yellow screen overlay when under honey,,Sun Apr 23 14:29
d13ef893,SaltyFingerz,implemented sponge in sink, reset color on respawn, collectibles bug fix, biscuit freshness idle,,Sun Apr 23 13:12
a9afe5fd,BensariB,camera rotation when changing states,,Sat Apr 22 22:04
8bb49c8e,SaltyFingerz,new jelly in, radial effects render in front of walls,,Sat Apr 22 16:45
5cb1863f,SaltyFingerz,jam, flag, sponge assets in new 3d models folder,,Sat Apr 22 16:26
d2337830,1903102,Update PlayerLaunchScript.cs,,Wed Apr 19 15:43
ee5ab146,1903102,Slow movement change,,Wed Apr 19 15:41
71c4d978,SaltyFingerz,collectibles working again, flythrough cam without hud,,Wed Apr 19 15:14
a90fdfa1,SaltyFingerz,Merge branch 'Alpha-For-Real' of https://github.com/SaltyFingerz/Armadilloaf into Alpha-For-Real,,Wed Apr 19 14:45
334e5309,AdamGGUK,Changed pause menu,,Wed Apr 19 15:44
f5cae51f,SaltyFingerz,puffs of flour transition animation, speech ui in front of walls,,Wed Apr 19 14:45
5a6a04fb,1903102,Merge branch 'Alpha-For-Real' of https://github.com/SaltyFingerz/Armadilloaf into Alpha-For-Real,,Wed Apr 19 14:41
b91f1e87,1903102,Update PlayerLaunchScript.cs,,Wed Apr 19 14:41
9e980b39,SaltyFingerz,2D wall imgs as wall layer for rendering,,Wed Apr 19 14:20
1ff64a30,1903102,Merge branch 'Alpha-For-Real' of https://github.com/SaltyFingerz/Armadilloaf into Alpha-For-Real,,Wed Apr 19 14:18
a8d8ee50,1903102,Update PlayerLaunchScript.cs,,Wed Apr 19 14:18
a0f8a348,SaltyFingerz,parent in front of walls,,Wed Apr 19 14:16
f04139fe,MATTHEW HART,Tunnel Art Pass Push,ADDED:
 New Tunnel (WIP)
 Black BG Bounds
,Wed Apr 19 13:47
8ac6b31b,SaltyFingerz,new tute prompt for curling, motion blur reduced slightly,,Wed Apr 19 13:29
5bfe0deb,SaltyFingerz,new prompts with mouse icons,,Wed Apr 19 13:15
e02b3962,1903102,Merge branch 'Alpha' of https://github.com/SaltyFingerz/Armadilloaf into Alpha,,Wed Apr 19 12:19
f9b44bfe,SaltyFingerz,player prefs for banana to not reappear after collection,,Wed Apr 19 12:17
e7e3ed95,1903102,Update CustomController.cs,,Wed Apr 19 12:12
ca605286,SaltyFingerz,Merge branch 'Alpha' of https://github.com/SaltyFingerz/Armadilloaf into Alpha,,Wed Apr 19 12:04
dcc75634,SaltyFingerz,level complete PH in,,Wed Apr 19 12:03
ce270e30,1903102,Update CustomController.cs,,Wed Apr 19 12:03
b437fd3b,SaltyFingerz,PH end screen appearing,,Wed Apr 19 11:57
d50ce264,SaltyFingerz,Merge branch 'Alpha' of https://github.com/SaltyFingerz/Armadilloaf into Alpha,,Wed Apr 19 11:36
1ec6e56a,1903102,Merge branch 'Alpha' of https://github.com/SaltyFingerz/Armadilloaf into Alpha,,Wed Apr 19 11:28
fc3586d3,SaltyFingerz,finish ui wip,,Wed Apr 19 11:28
33d1049a,1903102,Update CustomController.cs,,Wed Apr 19 11:28
e840e88f,SaltyFingerz,bug fix enemies visible through wall,made render feature for walls, rendered after transparents
,Wed Apr 19 11:21
1f60332c,SaltyFingerz,fruit collected ui working,,Wed Apr 19 11:15
1dd8ee5f,1903102,Merge branch 'Alpha' of https://github.com/SaltyFingerz/Armadilloaf into Alpha,,Wed Apr 19 11:10
1a03072d,1903102,Update PlayerLaunchScript.cs,,Wed Apr 19 11:09
6ebd3117,SaltyFingerz,growth and shrink PH audio in,,Wed Apr 19 10:58
8201280b,SaltyFingerz,impact VFX implemented, blob shadow size adjusted smaller,,Wed Apr 19 10:23
802adf1c,SaltyFingerz,Power UI rendered over objects,,Wed Apr 19 09:45
cbc49bbc,SaltyFingerz,RMB for changing states, LMB for launching, updated tute prompts PH,,Tue Apr 18 23:45
459c00b6,SaltyFingerz,added flythrough camera to player prefab,,Tue Apr 18 23:06
50477749,SaltyFingerz,tail power placeholder,,Tue Apr 18 22:52
c93d63c9,SaltyFingerz,commented out one line for fruit counter by me causing error in PManager,,Tue Apr 18 22:41
370805bb,SaltyFingerz,Merge branch 'Alpha' of https://github.com/SaltyFingerz/Armadilloaf into Alpha,,Tue Apr 18 22:38
5ed3662b,SaltyFingerz,fixed issue of 2d sprites rendering behind walls,,Tue Apr 18 22:36
67a10228,AdamGGUK,Merge branch 'Alpha' of https://github.com/SaltyFingerz/Armadilloaf into Alpha,,Tue Apr 18 21:56
3a6aa173,AdamGGUK,Added freshness biscuit instead of bar,,Tue Apr 18 21:56
46701c11,SaltyFingerz,flythrough cam,,Tue Apr 18 21:50
26a593f3,AdamGGUK,Merge branch 'Alpha' of https://github.com/SaltyFingerz/Armadilloaf into Alpha,,Tue Apr 18 21:22
4627338a,AdamGGUK,Replaced freshness bar with biscuit,,Tue Apr 18 21:18
8eb49dd3,SaltyFingerz,transparent outside walls in,,Tue Apr 18 18:41
280ff01a,MATTHEW HART,Wall Material,ADDED:
 Wall Material
,Tue Apr 18 18:22
cbc62538,MATTHEW HART,1Side Walls,ADDED:
  1 Sided Walls
,Tue Apr 18 18:14
e917a9a7,SaltyFingerz,build working again,,Tue Apr 18 18:08
3490bfa0,SaltyFingerz,Merge branch 'Alpha' of https://github.com/SaltyFingerz/Armadilloaf into Alpha,,Tue Apr 18 17:58
d8c434b2,SaltyFingerz,collectibles UI with counter, power new sprite and in World near Player,,Tue Apr 18 17:57
a1fe4af7,1903102,Merge branch 'Alpha' of https://github.com/SaltyFingerz/Armadilloaf into Alpha,,Tue Apr 18 17:23
80d801aa,1903102,Update PlayerManagerScript.cs,,Tue Apr 18 17:20
3ddd5c05,SaltyFingerz,player manager static bool for  fluff,,Tue Apr 18 17:07
d70e9167,1903102,Update PlayerManagerScript.cs,,Tue Apr 18 17:03
17c66b10,SaltyFingerz,Merge branch 'Alpha' of https://github.com/SaltyFingerz/Armadilloaf into Alpha,,Tue Apr 18 17:01
17eaf4b6,SaltyFingerz,fluffing effect and defluffing when hit by bunny, works across states,,Tue Apr 18 16:58
c8920385,1903102,(maybe) fixed checkpoints,,Tue Apr 18 16:39
8460c8da,1903102,WALKING PLAYER - LOOKING UP/DOWN,,Tue Apr 18 16:08
f490644d,SaltyFingerz,player pink with jelly,,Tue Apr 18 15:54
b948c0cd,SaltyFingerz,haba speech sounds implemented,,Tue Apr 18 15:27
24557c03,SaltyFingerz,unpacked prefabs,,Tue Apr 18 14:40
529f00ab,1903102,camera up/down code,,Tue Apr 18 14:37
60cf4d87,1903102,Update Player.prefab,,Tue Apr 18 14:33
40c63986,SaltyFingerz,Merge branch 'recovering-collectible-sounds' into Alpha,,Tue Apr 18 14:22
1b803e33,SaltyFingerz,made collectibles prefabs,,Tue Apr 18 14:22
b26cceb3,SaltyFingerz,Merge branch 'trying-to-recover-player-sounds' into Alpha,,Tue Apr 18 14:09
17f47a3b,SaltyFingerz,player prefab with sounds,,Tue Apr 18 14:08
2f49cd96,SaltyFingerz,Merge branch 'Alpha' of https://github.com/SaltyFingerz/Armadilloaf into Alpha,,Tue Apr 18 14:02
64f8c9d0,SaltyFingerz,added font to assets, adjusted plate colour,,Tue Apr 18 14:01
bddcbf3f,1903102,speed adjustment,,Tue Apr 18 13:21
e163e079,1903102,space to change power,,Tue Apr 18 12:46
97b1cdf8,SaltyFingerz,audio recordings implemented,water landing
gargling
pain from hazard
burping after fruit
munch on getting fruit
,Tue Apr 18 12:16
f3d6a2d4,Matthew Hart,Wall Tweaks,ADDED:
Old Walls fully UV mapped with Multiple Materials channels
New Wall_05 when vent access points (will need to tweak level to line up new ports)
New Vent Access (Fan will come later for now)
New Half-Pipe Section (Hopefully will stop players from clipping & bouncing away from the tunnel ramps)
,Mon Apr 17 21:33
c6bb6a2a,SaltyFingerz,colliders added to ceiling,,Mon Apr 17 19:38
c3688754,SaltyFingerz,jelly makes u big (not just bigger),,Mon Apr 17 19:19
af45381b,SaltyFingerz,official music added,,Mon Apr 17 19:05
1946d0d7,SaltyFingerz,only take damage from enemies when not big, fluff bunny sounds,,Mon Apr 17 18:46
51d96a09,SaltyFingerz,cereal movable, stop moving when small, lemon and pear bonus collectibles on mini shelf, jam sound,,Mon Apr 17 17:41
4c7c29e1,SaltyFingerz,cans infront of  pasta and jelly in corner,,Mon Apr 17 16:41
5d2f54a9,Matthew Hart,AI Fix,NavMesh works now
,Mon Apr 17 14:04
0c408732,SaltyFingerz,cereal, pipe and ball player audio reimplemented,,Mon Apr 17 13:36
28a2e6f2,SaltyFingerz,Merge branch 'Alpha' of https://github.com/SaltyFingerz/Armadilloaf into Alpha,,Mon Apr 17 12:55
280fc642,SaltyFingerz,can, cereal, pipe and bread audio collision implemented,,Mon Apr 17 12:53
58dfcb60,Matthew Hart,Tunnel Enemy Population,ADDED:

Enemies now patrol in the tunnel (some also fly idk why)
,Mon Apr 17 12:35
4f8d8562,SaltyFingerz,Merge branch 'Alpha' of https://github.com/SaltyFingerz/Armadilloaf into Alpha,,Mon Apr 17 11:50
ff1e6e79,SaltyFingerz,pipe zero friction,,Mon Apr 17 11:50
d7e779cc,Matthew Hart,Pipe Rework,Might be less annoying now.
,Mon Apr 17 11:48
2d19fed0,SaltyFingerz,just moved ramps on the floor slightly back,,Sun Apr 16 20:36
0febfb5d,AdamGGUK,Merge branch 'Alpha' of https://github.com/SaltyFingerz/Armadilloaf into Alpha,,Sun Apr 16 15:25
8e7da4fe,AdamGGUK,added some more stupid sound effects,,Sun Apr 16 15:25
774f2094,SaltyFingerz,launch trail rotation bug fix, moved vfx to folder,,Sun Apr 16 15:36
33e2011e,SaltyFingerz,Merge branch 'Alpha' of https://github.com/SaltyFingerz/Armadilloaf into Alpha,,Sun Apr 16 14:43
e4173fea,SaltyFingerz,ripples and splashes effects added at sink, bloom threshold and pickup emissions adjusted to prevent over-shiny sink,,Sun Apr 16 14:43
fa9acab8,AdamGGUK,Added PH music + video + started can,,Sun Apr 16 12:10
0a9a05ac,SaltyFingerz,smaller first tunnel arch piece (requires small dillo),,Fri Apr 14 19:46
c9311375,SaltyFingerz,cutscene placeholder,,Fri Apr 14 18:37
28dfbf09,SaltyFingerz,radial effect to pickups,,Fri Apr 14 17:17
f5477ebe,SaltyFingerz,gradual size change while ball,,Fri Apr 14 16:42
ceca5087,SaltyFingerz,big cans movable when big,,Fri Apr 14 13:38
e2a86b70,SaltyFingerz,jelly ejection particle system implemented,,Sat Apr 8 15:09
55fe9257,SaltyFingerz,gradual size change in walking state with shadow,,Sat Apr 8 08:55
39608f4c,SaltyFingerz,lighting: skybox, global illumination enlighten, post processing highlight warm shadows cool, tonemappnig, ao adjustment, blob shadow adjustments,,Fri Apr 7 22:22
d9581293,SaltyFingerz,top surfaces made unlit to receive blob shadow decals, decals implemented scaling with dillo size,,Fri Apr 7 20:26
5e241b64,SaltyFingerz,new walls, window and lamp implemented,,Wed Apr 5 12:54
c8b1bdb4,SaltyFingerz,tiny level tweaks, moved zone for closing banana prompt,,Thu Mar 30 18:10
52a2a775,SaltyFingerz,Merge branch 'before-code-break' into Alpha,,Thu Mar 30 13:04
d978536d,SaltyFingerz,tute bug fixes, moved sink to middle,sink in middle allows player get into hole in wall with one shot
,Thu Mar 30 13:02
2f51e4d7,BensariB,fixed build, broke rotation again,,Wed Mar 29 16:14
a72faadc,SaltyFingerz,Merge branch 'Alpha' of https://github.com/SaltyFingerz/Armadilloaf into Alpha,,Wed Mar 29 15:55
46d290fe,SaltyFingerz,fixed tuterol bug of uncurl prompt repeating,,Wed Mar 29 15:55
c22572da,BensariB,free cam collider (not working),,Wed Mar 29 15:54
ffcff0b7,Lucia,Merge branch 'Alpha' of https://github.com/SaltyFingerz/Armadilloaf into Alpha,,Wed Mar 29 15:49
04c15fe8,Lucia,Wall + Lamp + textures,,Wed Mar 29 15:49
e1cf5921,BensariB,Merge branch 'Alpha' of https://github.com/SaltyFingerz/Armadilloaf into Alpha,,Wed Mar 29 15:45
4856de18,BensariB,camera rotation when switching states,,Wed Mar 29 15:45
fc41a72f,SaltyFingerz,Merge branch 'Alpha' of https://github.com/SaltyFingerz/Armadilloaf into Alpha,,Wed Mar 29 15:39
d15fc1d9,SaltyFingerz,tuterol adjustments,,Wed Mar 29 15:39
cdff243f,MATTHEW HART,Merge branch 'Alpha' of https://github.com/SaltyFingerz/Armadilloaf into Alpha,,Wed Mar 29 15:07
add4f4bb,MATTHEW HART,Level Tweaks,,Wed Mar 29 15:07
b6fef261,SaltyFingerz,Merge branch 'Alpha' of https://github.com/SaltyFingerz/Armadilloaf into Alpha,,Wed Mar 29 14:58
3494fb41,SaltyFingerz,tuterol boost taught while ball, WASD taught diegetically,,Wed Mar 29 14:58
743c6179,BensariB,player-camera launch rotation fix, arrow visible again,,Wed Mar 29 14:57
1407def4,MATTHEW HART,New Tunnel Section,,Wed Mar 29 14:32
5343f618,BensariB,player doesn't look down,,Wed Mar 29 14:11
290cbc7b,BensariB,reorganized scripts,,Wed Mar 29 14:09
f071b97c,SaltyFingerz,Merge branch 'Alpha' of https://github.com/SaltyFingerz/Armadilloaf into Alpha,,Wed Mar 29 13:20
8a1d55a6,SaltyFingerz,fruity collectibles,,Wed Mar 29 13:20
78b99e75,BensariB,simple rolling velocity change,,Wed Mar 29 13:13
dad38e6d,BensariB,New starting checkpoint, fixed in build,,Wed Mar 29 12:26
13b96ad9,BensariB,Merge branch 'Alpha' of https://github.com/SaltyFingerz/Armadilloaf into Alpha,,Wed Mar 29 12:15
e71fda1f,SaltyFingerz,collectible fixing,,Wed Mar 29 12:15
6bea7c97,BensariB,player no longer takes damage after teleporting,,Wed Mar 29 12:10
306c7fd1,SaltyFingerz,Banana Collectible and smooth fruit models,,Tue Mar 28 22:06
fdba0949,SaltyFingerz,coloured animations implemented and 'hidden' silhouette working for all animations,,Tue Mar 28 19:19
ac015fee,SaltyFingerz,Merge branch 'Alpha' of https://github.com/SaltyFingerz/Armadilloaf into Alpha,,Tue Mar 28 18:28
6383c3b4,SaltyFingerz,AO adjustment, double cabinet replacing two small ones after vent,,Tue Mar 28 14:33
75bc6cf5,BensariB,Update PlayerLaunchScript.cs,,Tue Mar 28 14:04
85655f14,BensariB,Update PlayerLaunchScript.cs,,Tue Mar 28 13:25
6ef0576e,BensariB,direction change,,Tue Mar 28 13:25
28082111,SaltyFingerz,silhouette adjustments working again for ball, launch trail deactivate on walker, tuterol based on location for jump and aim,,Tue Mar 28 12:36
b79f8109,SaltyFingerz,Merge branch 'Alpha' of https://github.com/SaltyFingerz/Armadilloaf into Alpha,,Mon Mar 27 18:50
18317d74,SaltyFingerz,silhouette behind object showing for sprite and ball. for sprite needs single sprite sheet of all animations,,Mon Mar 27 18:49
67d5bbed,Lucia,Fruits+Bowl+Materials,,Mon Mar 27 18:47
ff0b547f,SaltyFingerz,trail effect implemented when ball is flying,still working to get the trail size change with ball size
,Mon Mar 27 17:31
60e2295a,SaltyFingerz,camera shake implemented,,Mon Mar 27 15:24
affa0ce7,SaltyFingerz,implemented cookies for hp, made floor failzone work for small player,,Mon Mar 27 12:58
9f943dce,SaltyFingerz,made alll the fluff bunnies lookAt Player,,Wed Mar 22 15:49
1c7306ec,SaltyFingerz,fluff bunny scaled up,,Wed Mar 22 15:41
d8deeb81,SaltyFingerz,Merge branch 'MVP-2.0' of https://github.com/SaltyFingerz/Armadilloaf into MVP-2.0,,Wed Mar 22 15:35
9dda2d17,SaltyFingerz,Fluff Bunny Sprite implemented with LookAt,,Wed Mar 22 15:35
f09f61b7,BensariB,Merge branch 'MVP-2.0' of https://github.com/SaltyFingerz/Armadilloaf into MVP-2.0,,Wed Mar 22 15:28
5db9125b,BensariB,Update FailScreen.unity,,Wed Mar 22 15:27
6081dd90,SaltyFingerz,try again in pause instead of reset, collider of parents smaller,,Wed Mar 22 15:25
8ef4ecba,BensariB,Merge branch 'MVP-2.0' of https://github.com/SaltyFingerz/Armadilloaf into MVP-2.0,,Wed Mar 22 15:15
1aaffe49,BensariB,freshness working on launching player,,Wed Mar 22 15:15
0edd9fd3,SaltyFingerz,Merge branch 'MVP-2.0' of https://github.com/SaltyFingerz/Armadilloaf into MVP-2.0,,Wed Mar 22 15:14
deb53786,SaltyFingerz,tuterol tweakerols,,Wed Mar 22 15:14
5dd62158,cazmeyy,Merge branch 'MVP-2.0' of https://github.com/SaltyFingerz/Armadilloaf into MVP-2.0,,Wed Mar 22 15:10
349add06,cazmeyy,Level Tweaks,Renamed material
added collision back to mixer
Reduced rotation speed of mixer attachment
,Wed Mar 22 15:09
0407a582,cazmeyy,Delete ToonShader.unitypackage.meta,,Wed Mar 22 15:00
53e6dcfd,SaltyFingerz,Merge branch 'MVP-2.0' of https://github.com/SaltyFingerz/Armadilloaf into MVP-2.0,,Wed Mar 22 14:58
298a5cc0,SaltyFingerz,tuterol with speech bubbles, wider box on fridge,,Wed Mar 22 14:58
6c6cfe90,cazmeyy,Level Tweaks,Added slightly updated Mixer
Placed another cereal box to cover unintentional shortcut
,Wed Mar 22 14:41
176d91d5,BensariB,Update PlayerLaunchScript.cs,,Wed Mar 22 14:32
86aeea0a,BensariB,Merge branch 'MVP-2.0' of https://github.com/SaltyFingerz/Armadilloaf into MVP-2.0,,Wed Mar 22 13:43
cd1b2cca,BensariB,rolling,,Wed Mar 22 13:43
b59c014e,cazmeyy,Gave Roof Collision,Player cant pass through roof, Just in case
,Wed Mar 22 13:41
19312b99,SaltyFingerz,parent not look down on player, speech bubble to parent, colliders to arches, sink not glaring,,Wed Mar 22 13:36
a76ab538,BensariB,walking player rotation in comments,,Wed Mar 22 13:23
354e68b3,SaltyFingerz,Merge branch 'MVP-2.0' of https://github.com/SaltyFingerz/Armadilloaf into MVP-2.0,,Wed Mar 22 13:07
6b62ba86,SaltyFingerz,removed player hud duplicate, added coloured idle sprite,,Wed Mar 22 13:07
95c94651,BensariB,bug fix,,Wed Mar 22 13:02
d8a2c0d3,MATTHEW HART,Playtest Tweaks,CHANGED:
 Tweaks made to level in order to be beaten
,Wed Mar 22 12:55
679fc01b,MATTHEW HART,Pipe Textures,,Wed Mar 22 12:25
66b0f669,MATTHEW HART,Additional Tweaks I noticed 2 seconds after pushing for the 20th time,,Wed Mar 22 11:54
e362339f,MATTHEW HART,Level Tweaks,ADDED:
 Ramp Textures
,Wed Mar 22 11:52
21b081c9,SaltyFingerz,melon lookAt player,,Wed Mar 22 11:36
e03c4227,SaltyFingerz,Merge branch 'MVP-2.0' of https://github.com/SaltyFingerz/Armadilloaf into MVP-2.0,,Wed Mar 22 11:18
d095296e,SaltyFingerz,melon and bread added to tute prompts,,Wed Mar 22 11:17
2d9aa036,MATTHEW HART,Level_01_Tweaks,ADDED:
 Ramp Texture
,Wed Mar 22 11:14
eda15851,SaltyFingerz,squash stretch working again on big and small, bug fix - to walk when exiting big ball.,made transitions from big and small idle states to big and small squash and stretch animations; reset the offset of the ball collider to 0 0 0
,Wed Mar 22 10:45
5681ea97,MATTHEW HART,Power Edit,,Tue Mar 21 17:38
8b81053f,MATTHEW HART,Sink Collision Fix,,Tue Mar 21 17:31
f775a6a4,SaltyFingerz,Merge branch 'MVP-2.0' of https://github.com/SaltyFingerz/Armadilloaf into MVP-2.0,,Tue Mar 21 17:24
9f62b8d9,SaltyFingerz,collectibles bug fix, change size while ball fix,,Tue Mar 21 17:23
708b370b,BensariB,prefab conflict,,Tue Mar 21 17:02
7a7bf336,BensariB,Merge branch 'MVP-2.0' of https://github.com/SaltyFingerz/Armadilloaf into MVP-2.0,,Tue Mar 21 17:00
2b3a4f35,BensariB,camera adjust,,Tue Mar 21 16:59
9fea5750,SaltyFingerz,Merge branch 'MVP-2.0' of https://github.com/SaltyFingerz/Armadilloaf into MVP-2.0,,Tue Mar 21 16:54
5b3e4a71,SaltyFingerz,animation working on big ball (parameter fix),,Tue Mar 21 16:51
d426b738,cazmeyy,Merge branch 'MVP-2.0' of https://github.com/SaltyFingerz/Armadilloaf into MVP-2.0,,Tue Mar 21 16:50
8e872aeb,cazmeyy,Added Roof,Placed Roof on top of room
,Tue Mar 21 16:49
937ee3cf,SaltyFingerz,Merge branch 'MVP-2.0' of https://github.com/SaltyFingerz/Armadilloaf into MVP-2.0,,Tue Mar 21 16:47
6dda5e0c,SaltyFingerz,sperate animations for balls according to size,,Tue Mar 21 16:47
fcb2a2ab,MATTHEW HART,Window Implementation,,Tue Mar 21 16:46
1dbe9bdc,cazmeyy,Level object tweaks,Spout stream tweaked
Mixer rotated and raised
LoopDeLoopLowered
,Tue Mar 21 16:42
7340133f,BensariB,cleanup,,Tue Mar 21 16:26
625d5d7d,SaltyFingerz,Merge branch 'MVP-2.0' of https://github.com/SaltyFingerz/Armadilloaf into MVP-2.0,,Tue Mar 21 16:09
7fa81b37,SaltyFingerz,tuterol black, and shrink added,,Tue Mar 21 16:09
e54a0c6c,BensariB,fix,,Tue Mar 21 15:50
176cdb01,SaltyFingerz,Merge branch 'MVP-2.0' of https://github.com/SaltyFingerz/Armadilloaf into MVP-2.0,,Tue Mar 21 15:45
3c041597,SaltyFingerz,new colors on floor, fridge, counter greens, mixer,,Tue Mar 21 15:45
0c2f75d1,cazmeyy,Added new honey Stream From Tap,Added new honey Stream From Tap
,Tue Mar 21 15:43
d618d75c,BensariB,camera offsets,,Tue Mar 21 15:13
a987b204,MATTHEW HART,Tunnel Tweaks,,Tue Mar 21 15:13
05f583d3,MATTHEW HART,Tunnel Tweaks,,Tue Mar 21 15:03
2be46b93,SaltyFingerz,ejection removes bounciness,,Tue Mar 21 14:50
2e6cca15,SaltyFingerz,Merge branch 'MVP-2.0' of https://github.com/SaltyFingerz/Armadilloaf into MVP-2.0,,Tue Mar 21 14:33
7836fb04,SaltyFingerz,tuterol (tm) and new controls for shrinking and curling,,Tue Mar 21 14:33
0fd4735d,BensariB,camera rotation fix,,Tue Mar 21 14:31
9e469ae7,SaltyFingerz,Merge branch 'MVP-2.0' of https://github.com/SaltyFingerz/Armadilloaf into MVP-2.0,,Tue Mar 21 13:51
c8db9624,SaltyFingerz,pause menu transparent background panel,,Tue Mar 21 13:51
3488d769,BensariB,Update PlayerManagerScript.cs,,Tue Mar 21 13:49
d2340a5c,BensariB,shift to shift,,Tue Mar 21 13:41
d278cdab,BensariB,Merge branch 'MVP-2.0' of https://github.com/SaltyFingerz/Armadilloaf into MVP-2.0,,Tue Mar 21 13:23
e54c3947,BensariB,small camera fix,,Tue Mar 21 13:22
3cd26d55,SaltyFingerz,Merge branch 'MVP-2.0' of https://github.com/SaltyFingerz/Armadilloaf into MVP-2.0,,Tue Mar 21 13:21
e34a3301,SaltyFingerz,prefab player updated with outline layer,,Tue Mar 21 13:21
08987332,BensariB,Update PlayerLaunchScript.cs,,Tue Mar 21 13:20
f884d603,BensariB,Update PlayerManagerScript.cs,,Tue Mar 21 13:20
b874f702,SaltyFingerz,medium outline on player,,Tue Mar 21 13:20
1a277a7d,BensariB,prefab fix,,Tue Mar 21 13:14
7ca7087d,BensariB,rotating walking player when in free cam mode,,Tue Mar 21 13:12
08b9dff9,SaltyFingerz,squash and stretch animations reapplied, to new ball,,Tue Mar 21 13:10
80adf362,SaltyFingerz,Merge branch 'MVP-2.0' of https://github.com/SaltyFingerz/Armadilloaf into MVP-2.0,,Tue Mar 21 13:03
f53454d0,SaltyFingerz,mesh collider to blender partially,,Tue Mar 21 13:03
8aca2bb9,MATTHEW HART,Merge branch 'MVP-2.0' of https://github.com/SaltyFingerz/Armadilloaf into MVP-2.0,,Tue Mar 21 12:16
55c3bc28,SaltyFingerz,wall-hole smaller, cans moved up to show bottom outline, smoother cans, rolling pin for outlines, thin outline via layer to cereal and ramps,,Tue Mar 21 12:16
9f4bfcbd,MATTHEW HART,File Sorting,,Tue Mar 21 12:12
23b96ae3,SaltyFingerz,player prefab fixed maybe,,Tue Mar 21 11:46
7cb5f711,MATTHEW HART,Scale Model Implementation,WIP
,Tue Mar 21 11:30
c05142e5,SaltyFingerz,implemented ball texture, new kitchen textures, ball rolling,,Tue Mar 21 11:26
1bea0f4a,SaltyFingerz,Merge branch 'MVP-2.0' of https://github.com/SaltyFingerz/Armadilloaf into MVP-2.0,,Mon Mar 20 17:08
a951d5dd,SaltyFingerz,placeholder sprite animations,,Mon Mar 20 17:08
42d21731,Matthew Hart,Scale Model Addition,ADDED:
 Initial Scale Model (WIP)
,Mon Mar 20 16:20
b1336d33,SaltyFingerz,fixed glare of shiny objects by adding bloom clamping value below 100,,Mon Mar 20 15:45
ae001e01,SaltyFingerz,collectible particle system material near sink,,Mon Mar 20 15:16
62a9780f,SaltyFingerz,missing partical material on collectible and intro prompt missing sprites,,Mon Mar 20 15:12
150ff7bb,Matthew Hart,Things might be less broken now,Turns out those Meta files had a use after huh
,Mon Mar 20 15:02
6100ba3e,SaltyFingerz,Merge branch 'MVP-2.0' of https://github.com/SaltyFingerz/Armadilloaf into MVP-2.0,,Mon Mar 20 14:18
f104a41a,SaltyFingerz,post processing script and assigns in editor,,Mon Mar 20 14:18
53f5fd8f,Matthew Hart,Update .gitignore,,Mon Mar 20 14:18
f7dcdbb2,SaltyFingerz,Merge branch 'MVP-2.0' of https://github.com/SaltyFingerz/Armadilloaf into MVP-2.0,,Mon Mar 20 14:17
8dbfcfcb,SaltyFingerz,post processing with script,,Mon Mar 20 14:16
653309b4,BensariB,Update Player.prefab,,Mon Mar 20 14:15
1b14f26a,BensariB,scene,,Mon Mar 20 14:13
8337cecf,BensariB,Update PlayerManagerScript.cs,,Mon Mar 20 14:13
bca2f572,SaltyFingerz,Merge branch 'MVP-2.0' of https://github.com/SaltyFingerz/Armadilloaf into MVP-2.0,,Mon Mar 20 14:05
4a2e4440,SaltyFingerz,player prefab updated with motion blur,,Mon Mar 20 14:05
587fa108,BensariB,Merge branch 'MVP-2.0' of https://github.com/SaltyFingerz/Armadilloaf into MVP-2.0,,Mon Mar 20 14:05
88494772,BensariB,walking player doesn't stay behind in build,,Mon Mar 20 14:04
71882ad0,SaltyFingerz,Merge branch 'MVP-2.0' of https://github.com/SaltyFingerz/Armadilloaf into MVP-2.0,,Mon Mar 20 13:51
58d6e7be,SaltyFingerz,update to player prefab with render script reference,,Mon Mar 20 13:49
b7a03ead,AdamGGUK,UI work,,Mon Mar 20 13:49
c7681ce7,BensariB,Bug fix: free cam won't make player go back to previous position,,Mon Mar 20 13:45
2dcf3050,SaltyFingerz,motion blur when being launched, and squash and stretch on landing and launch,,Sun Mar 19 13:59
2df1989a,SaltyFingerz,unpacked collectible prefabs for github,,Thu Mar 16 16:44
a68053a5,SaltyFingerz,fixed foot of not showing when walking left and outline being cut from ball,,Thu Mar 16 15:51
16f691f8,Matthew Hart,Additional Level Tweaks,,Wed Mar 15 21:05
39102037,Matthew Hart,Fixed Missing Pipes in Tunnel,ADDED:
 Re-added missing pipes
,Wed Mar 15 20:58
3da592dd,SaltyFingerz,tutorial adjustments,,Wed Mar 15 20:54
ca152e6b,SaltyFingerz,tutorial text size, prompt triggers, collectibles,,Wed Mar 15 19:10
465945ae,SaltyFingerz,collectibles and intro screen,,Wed Mar 15 18:01
6d6fedf3,SaltyFingerz,unpacked pipes prefabble,,Wed Mar 15 17:02
93789003,SaltyFingerz,pickup bobbly,,Wed Mar 15 17:01
ce2e033e,SaltyFingerz,pipes,,Wed Mar 15 16:43
b23fcf44,SaltyFingerz,Merge branch 'MVP-2.0' of https://github.com/SaltyFingerz/Armadilloaf into MVP-2.0,,Wed Mar 15 16:40
8e9d5475,MATTHEW HART,Texture Fix,,Wed Mar 15 16:40
1fb7e95a,SaltyFingerz,Merge branch 'MVP-2.0' of https://github.com/SaltyFingerz/Armadilloaf into MVP-2.0,,Wed Mar 15 16:32
53b9e2eb,SaltyFingerz,tuterol adjustments,,Wed Mar 15 16:32
69bc2986,cazmeyy,Added roof to assets,Added roof to assets
,Wed Mar 15 16:07
7524db08,1903102,Merge branch 'MVP-2.0' of https://github.com/SaltyFingerz/Armadilloaf into MVP-2.0,,Wed Mar 15 16:01
96a00cb7,1903102,free cam without cinemachine,,Wed Mar 15 15:55
2be7aa95,Lucia,Merge branch 'MVP-2.0' of https://github.com/SaltyFingerz/Armadilloaf into MVP-2.0,,Wed Mar 15 15:47
94c7dfee,Lucia,Armadillo ball + texture,,Wed Mar 15 15:39
520fa8a3,1903102,no cinemachine,,Wed Mar 15 15:38
b3708415,SaltyFingerz,Merge branch 'MVP-2.0' of https://github.com/SaltyFingerz/Armadilloaf into MVP-2.0,,Wed Mar 15 15:24
3c27e06d,SaltyFingerz,tutorial text smaller, freecam distance 0.01, ambient occlusion adjustment,,Wed Mar 15 15:24
df6dbc1d,1903102,removed cinemachine,,Wed Mar 15 15:12
3801f8be,MATTHEW HART,Wall Tweaks in Main,,Wed Mar 15 15:12
f590e9e8,MATTHEW HART,TunnelRework Added to main,ADDED:
 New Tunnel Segments
,Wed Mar 15 15:10
9951047d,1903102,Merge branch 'MVP-2.0' of https://github.com/SaltyFingerz/Armadilloaf into MVP-2.0,,Wed Mar 15 15:05
b134eb76,1903102,bug,,Wed Mar 15 15:05
0c12079d,MATTHEW HART,TunnelPrefab,,Wed Mar 15 15:00
33d03c19,MATTHEW HART,Tunnel Rework Additions,ADDED:
 Pipe Segments (Straight, 90 Degrees)
,Wed Mar 15 14:22
97b4e248,1903102,Revert "baad",This reverts commit 35e1aedb9c33f4f186f2d64df8c8e893f61e23b9.
,Wed Mar 15 13:58
35e1aedb,1903102,baad,,Wed Mar 15 13:58
8c0687d0,SaltyFingerz,Merge branch 'MVP-2.0' of https://github.com/SaltyFingerz/Armadilloaf into MVP-2.0,,Wed Mar 15 13:48
77d2d7d0,SaltyFingerz,decal in scene but not rendering on cel shaded materials,,Wed Mar 15 13:48
27d6f04a,MATTHEW HART,Tunnel Rework,,Wed Mar 15 13:11
75009cf9,1903102,rotation while rolling,,Wed Mar 15 12:57
445a659f,1903102,rotation while rolling,,Wed Mar 15 12:50
9a425033,SaltyFingerz,Merge branch 'MVP-2.0' of https://github.com/SaltyFingerz/Armadilloaf into MVP-2.0,,Wed Mar 15 12:16
6a180ffc,SaltyFingerz,Ambient Occlusion and Dynamic Projection (Blob Shadow) package import,,Wed Mar 15 12:16
b7cd109a,1903102,BUTTER ROTATION,,Wed Mar 15 12:14
f06dff3e,MATTHEW HART,Updated GitIgnore & Tunnel Rework init,,Wed Mar 15 11:56
d5d4627a,SaltyFingerz,fire made blue and more firey,,Wed Mar 15 11:40
aff4d995,Lucia,Delete Handle.mat.meta,,Tue Mar 14 21:46
7f565b1e,Lucia,Merge branch 'MVP-2.0' of https://github.com/SaltyFingerz/Armadilloaf into MVP-2.0,,Tue Mar 14 21:46
cd279764,Lucia,Delete Door.mat.meta,,Tue Mar 14 21:46
63c3b835,Lucia,Textures + New shelf,,Tue Mar 14 21:45
f489b2dc,Matthew Hart,AI Additions,,Tue Mar 14 21:42
81c47603,Matthew Hart,Level Tweaks & Cleanup,ADDED:
 Callum's Mixer Obstacle
,Tue Mar 14 21:24
7e373336,cazmeyy,Added Mixer Obstacle,,Tue Mar 14 14:55
5de2d27c,SaltyFingerz,Merge branch 'MVP-2.0' of https://github.com/SaltyFingerz/Armadilloaf into MVP-2.0,,Tue Mar 14 13:47
ad91029b,SaltyFingerz,cel shader antialiasing; coloured outlines available for objects (cereal, cans, plates, rolling pin),,Tue Mar 14 13:46
a5ada8b5,1903102,Merge branch 'MVP-2.0' of https://github.com/SaltyFingerz/Armadilloaf into MVP-2.0,,Tue Mar 14 13:42
3f8bb00f,1903102,camera rotation when launching,,Tue Mar 14 13:42
c628759d,MATTHEW HART,Additional Level Tweaks,,Tue Mar 14 13:17
7b6649ae,MATTHEW HART,Level Tweaks,ADDED:
 Tail Segments
,Tue Mar 14 13:11
1e962b76,1903102,no up down with camera,,Tue Mar 14 13:11
e9b09a35,1903102,Revert "bad change",This reverts commit b23d081d31388dd9638ae9845f0fc6d1c9030f2a.
,Tue Mar 14 11:49
78bcbeb3,1903102,Merge branch 'MVP-2.0' of https://github.com/SaltyFingerz/Armadilloaf into MVP-2.0,,Tue Mar 14 11:48
b23d081d,1903102,bad change,,Tue Mar 14 11:48
5649bf7b,MATTHEW HART,Level Tweaks,,Tue Mar 14 11:41
f199576f,1903102,delta time bug fix,,Tue Mar 14 11:38
f7e52548,1903102,lab pc jitter fix, jumping issues,,Tue Mar 14 11:34
7cc733b1,Matthew Hart,Level Additions,ADDED:
 Missing track & prop pieces from last commit
 Materials added to new sections.
,Mon Mar 13 20:44
34bfe839,Matthew Hart,Level Additions,ADDED:
 Late Level Tweaks to accommodate the new direction for the launch mechanics
,Mon Mar 13 20:34
38e3d29d,SaltyFingerz,post-process volume working,,Mon Mar 13 20:16
87ccaf1a,SaltyFingerz,outline,,Mon Mar 13 17:38
df969fb3,Matthew Hart,Track Additions,ADDED:
 New Twirl Track w/ Cylinder Tube Shroud
CHANGED:
 Old Prefab swapped out with new Prefab
,Mon Mar 13 16:04
44856c29,AdamGGUK,Added early infrastructure for lives + freshness,,Mon Mar 13 15:43
7e861a62,AdamGGUK,Merge branch 'MVP-2.0' of https://github.com/SaltyFingerz/Armadilloaf into MVP-2.0,,Mon Mar 13 14:40
c5ff5aa7,AdamGGUK,Added checkpoint,,Mon Mar 13 14:40
ef37d71c,BensariB,Merge branch 'MVP-2.0' of https://github.com/SaltyFingerz/Armadilloaf into MVP-2.0,,Mon Mar 13 14:38
698cb019,BensariB,rolling camera,,Mon Mar 13 14:38
cbeebf97,Matthew Hart,Level Design Tweak,Deleted Mystery Cylinder
,Mon Mar 13 14:21
93eeff51,BensariB,Update PlayerLaunchScript.cs,,Mon Mar 13 14:16
609b8e81,BensariB,camera,,Mon Mar 13 14:14
202a7cec,BensariB,turning off camera,,Mon Mar 13 13:42
735c1253,BensariB,jitter fix,,Mon Mar 13 13:22
7296c8ee,BensariB,Merge branch 'camera-changes' into MVP-2.0,,Mon Mar 13 13:14
6dd2f542,SaltyFingerz,added missing colliders, rolling pin to isle, adjusted max power, fixed update in custom controller,,Mon Mar 13 11:54
d21cdf0c,BensariB,inverted rotation,,Thu Mar 9 14:48
e5ba75bc,BensariB,no cinemachine when launching,,Thu Mar 9 14:46
5b8208bd,BensariB,empty animation,,Thu Mar 9 13:55
b063206e,BensariB,animation bug fix,,Thu Mar 9 13:54
4d78126f,SaltyFingerz,tutorial not require all WASD input, max launch force from 30 to 25, colliders to stool and cereal boxes missing,,Wed Mar 8 21:28
ed842289,cazmeyy,Merge branch 'MVP-prototype' of https://github.com/SaltyFingerz/Armadilloaf into MVP-prototype,,Wed Mar 8 16:36
336ed567,cazmeyy,Added Obstacles,Stand Mixer and Funnel now in asset library
,Wed Mar 8 16:36
55dc7ba4,SaltyFingerz,Merge branch 'MVP-prototype' of https://github.com/SaltyFingerz/Armadilloaf into MVP-prototype,,Wed Mar 8 16:19
28cf0786,SaltyFingerz,max power increased, rolling pin less bouncy,,Wed Mar 8 16:18
874669de,MATTHEW HART,Final Level Tweaks,CHANGED:
 Prop transforms to relieve player getting stuck or knocked in a undesired direction
,Wed Mar 8 16:16
639f70e8,SaltyFingerz,failzone readded to floor,,Wed Mar 8 16:11
dc89c052,BensariB,Merge branch 'MVP-prototype' of https://github.com/SaltyFingerz/Armadilloaf into MVP-prototype,,Wed Mar 8 15:58
4d32e009,BensariB,camera rotates less when launching,,Wed Mar 8 15:58
eb949320,MATTHEW HART,Merge branch 'MVP-prototype' of https://github.com/SaltyFingerz/Armadilloaf into MVP-prototype,,Wed Mar 8 15:49
ad04d6eb,MATTHEW HART,Stool Prefab,ADDED:
 Stool Prefab
,Wed Mar 8 15:48
64d9e24c,SaltyFingerz,Merge branch 'MVP-prototype' of https://github.com/SaltyFingerz/Armadilloaf into MVP-prototype,,Wed Mar 8 15:47
235bcbf0,SaltyFingerz,new stool, materials added to grey coutner edges, potato curly added,,Wed Mar 8 15:46
be7d426d,BensariB,Merge branch 'MVP-prototype' of https://github.com/SaltyFingerz/Armadilloaf into MVP-prototype,,Wed Mar 8 15:37
fa7a8603,BensariB,build error fix,,Wed Mar 8 15:35
2f2c28e7,SaltyFingerz,Merge branch 'MVP-prototype' of https://github.com/SaltyFingerz/Armadilloaf into MVP-prototype,,Wed Mar 8 15:34
6c3077b2,SaltyFingerz,fail zone in sink and rough material at edge of sink to prevent sliding off too much,,Wed Mar 8 15:33
a7e05da0,Lucia,Update Stool seat.mat,,Wed Mar 8 15:31
c6479787,Lucia,Stool + textures,,Wed Mar 8 15:29
3a072445,SaltyFingerz,Merge branch 'MVP-prototype' of https://github.com/SaltyFingerz/Armadilloaf into MVP-prototype,,Wed Mar 8 15:26
1f43c6cc,SaltyFingerz,loop de loop and macaroni and fridge textures,,Wed Mar 8 15:26
53606292,BensariB,Merge branch 'MVP-prototype' of https://github.com/SaltyFingerz/Armadilloaf into MVP-prototype,,Wed Mar 8 15:22
c0a827d6,BensariB,gravity fix,,Wed Mar 8 15:22
9d23230b,BensariB,player velocity retain mechanic,,Wed Mar 8 15:08
90edf9cf,MATTHEW HART,Kitchen Prefabs,ADDED:
 Prefabs of all current level models
,Wed Mar 8 15:03
3df42cce,BensariB,weights,,Wed Mar 8 15:00
e028f49f,SaltyFingerz,fire hazard position adjustments,,Wed Mar 8 14:41
98c60723,SaltyFingerz,Merge branch 'MVP-prototype' of https://github.com/SaltyFingerz/Armadilloaf into MVP-prototype,,Wed Mar 8 14:39
7b02e977,SaltyFingerz,tutorial include exit free cam prompt,,Wed Mar 8 13:48
06fc18c3,BensariB,Merge branch 'MVP-prototype' of https://github.com/SaltyFingerz/Armadilloaf into MVP-prototype,,Wed Mar 8 13:37
2b04d0ba,BensariB,sliding tweaks,,Wed Mar 8 13:31
dec3c9da,Lucia,Merge branch 'MVP-prototype' of https://github.com/SaltyFingerz/Armadilloaf into MVP-prototype,,Wed Mar 8 13:28
c3414e05,Lucia,Fridge Textures,,Wed Mar 8 13:28
6c6afd75,BensariB,Update Level_01.unity,,Wed Mar 8 13:25
771695f9,BensariB,bugfix,,Wed Mar 8 13:25
309b24b8,BensariB,Merge branch 'MVP-prototype' of https://github.com/SaltyFingerz/Armadilloaf into MVP-prototype,,Wed Mar 8 13:21
512a83e6,BensariB,retaining rotation,,Wed Mar 8 13:20
ce4e07ca,SaltyFingerz,material shadow adjustments,,Wed Mar 8 13:15
6510e307,SaltyFingerz,triple ramp on materials and boundaries on isle,,Wed Mar 8 13:06
b55fab85,SaltyFingerz,cereal and can obstacles,,Wed Mar 8 12:55
4eb7155f,SaltyFingerz,Merge branch 'MVP-safe' into MVP-prototype,,Wed Mar 8 12:40
e85ae63c,SaltyFingerz,nothing,,Wed Mar 8 12:40
fca0c891,SaltyFingerz,Merge branch 'Barbara-branch-to-merge' into MVP-safe,,Wed Mar 8 12:37
48b7fe1a,SaltyFingerz,Merge branch 'Matthew-branch-to-merge' into MVP-safe,,Wed Mar 8 12:34
1ff000a9,SaltyFingerz,small fixes on fire,,Wed Mar 8 12:32
2100e05a,SaltyFingerz,Merge branch 'denis-branch-to-merge' into MVP-safe,,Wed Mar 8 12:29
302fd1f4,BensariB,Merge branch 'MVP-prototype' of https://github.com/SaltyFingerz/Armadilloaf into MVP-prototype,,Wed Mar 8 12:28
6506fbfa,BensariB,walking player falling bug possible solution,,Wed Mar 8 12:28
3391ff79,MATTHEW HART,Mesh Colliders Fix,,Wed Mar 8 12:24
5c1ff246,SaltyFingerz,Revert "Merge branch 'MVP-prototype' of https://github.com/SaltyFingerz/Armadilloaf into MVP-prototype",This reverts commit c2ef018d840356e8b2044244bf4b8033dc40dbf1, reversing
changes made to 93b921590ce15bd2f43ede00978092c3377fd3e8.
,Wed Mar 8 12:22
c2ef018d,SaltyFingerz,Merge branch 'MVP-prototype' of https://github.com/SaltyFingerz/Armadilloaf into MVP-prototype,,Wed Mar 8 12:20
93b92159,SaltyFingerz,resolve conflict?,,Wed Mar 8 12:18
5bfa340a,BensariB,Merge branch 'MVP-prototype' of https://github.com/SaltyFingerz/Armadilloaf into MVP-prototype,,Wed Mar 8 12:14
a9dadc54,MATTHEW HART,Mesh Colldiers,Forgor their Mesh Colliders
,Wed Mar 8 12:12
7b33404c,SaltyFingerz,tutorial prompt fixes, playerprefs for tute starts, free cam arrow always,,Wed Mar 8 12:10
dd2f2652,MATTHEW HART,Level_01 Mesh Replacement,CHANGED:
 Replaced:
    Fridge Mesh
    Island Mesh
    Shelf Mesh
,Wed Mar 8 12:07
039480df,MATTHEW HART,Level_01_Cabinet Change,Replaced Cabinets
,Wed Mar 8 11:54
0b4ab9a9,BensariB,Merge branch 'MVP-prototype' of https://github.com/SaltyFingerz/Armadilloaf into MVP-prototype,,Wed Mar 8 11:52
d42a0484,BensariB,bugfix,,Wed Mar 8 11:52
fa3f9a25,MATTHEW HART,Merge branch 'MVP-prototype' of https://github.com/SaltyFingerz/Armadilloaf into MVP-prototype,,Wed Mar 8 11:46
aca41109,MATTHEW HART,Level 01 Stove Change,Replaced Stove
,Wed Mar 8 11:46
33a346fb,BensariB,pause ui update,,Wed Mar 8 11:45
f404a3c7,BensariB,menu update,,Wed Mar 8 11:38
7993ca72,BensariB,Update FailScreen.unity,,Wed Mar 8 11:30
5eda54df,BensariB,failed screen update,,Wed Mar 8 11:30
42d687f0,BensariB,free camera tweaks,,Wed Mar 8 11:04
074f4889,Lucia,Merge branch 'MVP-prototype' of https://github.com/SaltyFingerz/Armadilloaf into MVP-prototype,,Wed Mar 8 10:33
8e4df793,cazmeyy,Added Track Piece,,Tue Mar 7 19:08
3de74843,Lucia,Merge branch 'MVP-prototype' of https://github.com/SaltyFingerz/Armadilloaf into MVP-prototype,,Tue Mar 7 18:57
fc3fef6d,Lucia,+FBX +Textures,,Tue Mar 7 18:57
46ea174d,SaltyFingerz,freecam prompt in tutorial,,Tue Mar 7 18:55
6b06a86e,SaltyFingerz,Merge branch 'MVP-prototype' of https://github.com/SaltyFingerz/Armadilloaf into MVP-prototype,,Tue Mar 7 18:52
f9494cd2,SaltyFingerz,Merge branch 'MVP-prototype' of https://github.com/SaltyFingerz/Armadilloaf into MVP-prototype,,Tue Mar 7 18:51
7c6f68d6,MATTHEW HART,Additional Track Pieces,ADDED:
 Track Quarter Pipe
 Track Half Pipe
,Tue Mar 7 18:46
33ec706a,SaltyFingerz,honey in sink, cel shade cereal and cans, tutorial,,Tue Mar 7 18:44
39ba0a4c,Lucia,Merge branch 'MVP-prototype' of https://github.com/SaltyFingerz/Armadilloaf into MVP-prototype,,Tue Mar 7 18:19
fa02b069,Lucia,FBX,,Tue Mar 7 18:19
21ba04d7,MATTHEW HART,Level Course Additions,ADDED:
New Track Segments
CHANGED:
,Tue Mar 7 18:17
1059f425,SaltyFingerz,Merge branch 'MVP-prototype' of https://github.com/SaltyFingerz/Armadilloaf into MVP-prototype,,Tue Mar 7 17:15
5aa3d1d5,SaltyFingerz,tutorial script update and armadillo sizes bigger,,Tue Mar 7 17:15
a8a750ba,BensariB,ui disappear after launch,,Tue Mar 7 16:50
51b93f86,BensariB,power slider,,Tue Mar 7 16:43
d4cf2510,SaltyFingerz,Merge branch 'MVP-prototype' of https://github.com/SaltyFingerz/Armadilloaf into MVP-prototype,,Tue Mar 7 16:41
da03a58d,SaltyFingerz,tutorial,,Tue Mar 7 16:41
6e601bb3,MATTHEW HART,Revert "Textures + .FBX files",This reverts commit ea36c1a55926dd5f2aca64b25d8e7fb1766c5684.
,Tue Mar 7 16:30
84260f6d,Lucia,Merge branch 'MVP-prototype' of https://github.com/SaltyFingerz/Armadilloaf into MVP-prototype,,Tue Mar 7 15:59
ea36c1a5,Lucia,Textures + .FBX files,Deleted .obj files
Added .fbx
Added textures
,Tue Mar 7 15:58
3f002fd3,SaltyFingerz,finish level ui linked to prefab,,Tue Mar 7 15:19
719815d9,SaltyFingerz,Merge branch 'MVP-prototype' of https://github.com/SaltyFingerz/Armadilloaf into MVP-prototype,,Tue Mar 7 15:00
4c2ed8c0,SaltyFingerz,Goal UI, shadow bug fixed, borders on isle,,Tue Mar 7 14:59
16ae61af,BensariB,Merge branch 'MVP-prototype' of https://github.com/SaltyFingerz/Armadilloaf into MVP-prototype,,Tue Mar 7 14:56
8f258b72,AdamGGUK,Checkpoint system re-added,,Tue Mar 7 16:50
bb0f4497,AdamGGUK,playermanagerscript should be good now,,Tue Mar 7 16:33
85ba1476,AdamGGUK,forgot a line lol.,,Tue Mar 7 16:29
7b41df45,AdamGGUK,Merge branch 'MVP-prototype' of https://github.com/SaltyFingerz/Armadilloaf into MVP-prototype,,Tue Mar 7 16:24
d00c5edc,AdamGGUK,Merge branch 'MVP-prototype' of https://github.com/SaltyFingerz/Armadilloaf into MVP-prototype,,Tue Mar 7 16:23
4704cbb1,AdamGGUK,(hopefully) animation bug fixed,,Tue Mar 7 16:21
8987116d,BensariB,rotation reset,,Tue Mar 7 14:53
387d7885,BensariB,nav mesh rebake,,Tue Mar 7 13:39
4f09af5a,SaltyFingerz,Merge branch 'MVP-prototype' of https://github.com/SaltyFingerz/Armadilloaf into MVP-prototype,,Tue Mar 7 13:34
a4fd3792,SaltyFingerz,level1 updates,,Tue Mar 7 13:33
833cffc7,BensariB,player able to launch mid-air,,Tue Mar 7 12:38
a0bef1b3,BensariB,free camera bug fix,,Tue Mar 7 11:31
10519047,BensariB,Merge branch 'camera-change' into MVP-prototype,,Tue Mar 7 11:07
f46dfbb5,BensariB,bugfix,,Tue Mar 7 11:05
d08f6b34,SaltyFingerz,updated player prefab,,Mon Mar 6 22:46
2f039fb7,SaltyFingerz,animation direction bug fix -  camera on other side,,Mon Mar 6 22:45
a69622da,BensariB,Merge branch 'non-cinemachine-anti-jitter-test' into camera-change,,Mon Mar 6 21:18
5d01644c,BensariB,Merge branch 'non-cinemachine-anti-jitter-test' into camera-change,,Mon Mar 6 21:07
5c79736b,BensariB,2 regular cameras changing,,Mon Mar 6 21:04
bec72764,Matthew Hart,Level Update,Absolutely Tweaking rn
,Mon Mar 6 20:57
c794a68f,SaltyFingerz,disabled cinemachine cameras, using a simple camera instead,jitter cured, but changing into ball not working yet
,Mon Mar 6 19:56
fab14825,Matthew Hart,Course Additions & Tweaks,ADDED:
  New Cylindrical & Ramp Track Pieces
  Additional Course Tweaks to accommodate player changes.
CHANGED:
  Sorted level Hierarchy & Moved Physics Materials to own folder.
,Mon Mar 6 19:17
1e191bb0,BensariB,Update CustomController.cs,,Mon Mar 6 17:11
472dd2d7,BensariB,armadillo can slide,,Mon Mar 6 17:11
487b0edd,BensariB,touching ground won't stop the movement,,Mon Mar 6 17:07
5cdf73bd,BensariB,free camera fix,,Mon Mar 6 17:00
3d2f28d7,AdamGGUK,implemented checkpoint system & added message canvas to go with it,,Mon Mar 6 15:14
5c796b2b,BensariB,Update PlayerLaunchScript.cs,,Mon Mar 6 15:08
b61d5011,BensariB,Update PlayerLaunchScript.cs,,Mon Mar 6 15:06
4804261d,BensariB,Revert "player retaining velocity",This reverts commit 1667d0ab5287fc770b0ec96565bb15d7306edcef.
,Mon Mar 6 14:59
86e4782d,Matthew Hart,New Course v0.1,New Course Layout (Will need feedback level scale & suggestions on key track placements later)
,Mon Mar 6 14:45
1667d0ab,BensariB,player retaining velocity,,Mon Mar 6 14:41
c3c91967,BensariB,retaining velocity after launch,,Mon Mar 6 14:15
59e516b2,BensariB,pasued -> paused,,Mon Mar 6 13:24
f16a62a7,BensariB,enemy trigger collision,,Mon Mar 6 13:14
49f1c3d6,BensariB,interpolation,,Mon Mar 6 13:10
921f07f6,SaltyFingerz,moving right/left bug fix,,Mon Mar 6 13:01
49c90675,SaltyFingerz,updated player prefab,,Mon Mar 6 12:58
8c4c2cf9,SaltyFingerz,fixed jittering with custom controller,used rigid body velocity instead of transform translate for moving
,Mon Mar 6 12:53
6961c80f,SaltyFingerz,bounciness adjustment, honey stick to walls needing work for custom controller,,Sun Mar 5 15:38
a6038982,SaltyFingerz,custom controller done.,,Sun Mar 5 14:11
222cad5a,Matthew Hart,Minor Course Additions,ADDED:
 Minor Course additions & Obstacles

MOVED:
 Track pieces into own folder
,Wed Mar 1 22:59
598cee30,BensariB,changed enum to a class instead of int,,Wed Mar 1 22:23
2c3fc9bb,BensariB,Collision with enemy,,Wed Mar 1 22:23
3fe39fae,BensariB,bug fix,,Wed Mar 1 21:56
23556be5,BensariB,enemy pathfinding,,Wed Mar 1 21:35
9d433d7c,Lucia,Changes,,Wed Mar 1 20:36
0e494f7a,Lucia,Merge branch 'MVP-prototype' of https://github.com/SaltyFingerz/Armadilloaf into MVP-prototype,,Wed Mar 1 20:30
31260fb4,Lucia,First Draft Textures (Fridge and Cabinet),,Wed Mar 1 20:30
14c4a509,SaltyFingerz,Merge branch 'MVP-prototype' of https://github.com/SaltyFingerz/Armadilloaf into MVP-prototype,,Wed Mar 1 18:18
e91b0bab,SaltyFingerz,jelly makes you jump higher,,Wed Mar 1 18:17
515f6cfb,Lucia,Merge branch 'MVP-prototype' of https://github.com/SaltyFingerz/Armadilloaf into MVP-prototype,,Wed Mar 1 18:06
510277c7,Lucia,New long chair,,Wed Mar 1 18:06
732084bc,BensariB,Merge branch 'MVP-prototype' of https://github.com/SaltyFingerz/Armadilloaf into MVP-prototype,,Wed Mar 1 18:06
a967075b,BensariB,basic enemy navigation,,Wed Mar 1 18:06
35e0cb0b,SaltyFingerz,Merge branch 'MVP-prototype' of https://github.com/SaltyFingerz/Armadilloaf into MVP-prototype,,Wed Mar 1 17:57
a2cc4330,SaltyFingerz,slow slide with honey pickup in walking state implemented,,Wed Mar 1 17:54
523d860e,BensariB,rename,,Wed Mar 1 17:31
f80aa391,MATTHEW HART,Asset implementation,,Wed Mar 1 17:28
42b7f7d2,cazmeyy,Added Obstacles,Added Food LoopDeLoop and Rolling Pin+Dough ramp
,Wed Mar 1 16:55
8bffdb3d,MATTHEW HART,Level Design Pushes,ADDED:
 Additional Course
,Wed Mar 1 16:46
386c24f7,Lucia,Chair and Biscuit Shelf,,Wed Mar 1 16:41
1db704ef,Lucia,Merge branch 'MVP-prototype' of https://github.com/SaltyFingerz/Armadilloaf into MVP-prototype,,Wed Mar 1 16:19
a42f2e02,Lucia,New Models,,Wed Mar 1 16:16
6e00a61f,SaltyFingerz,Merge branch 'MVP-prototype' of https://github.com/SaltyFingerz/Armadilloaf into MVP-prototype,,Wed Mar 1 15:50
abf2f646,SaltyFingerz,jelly and honey pick-up properties,,Wed Mar 1 15:50
4dd8edf3,MATTHEW HART,Course Level Initial,ADDED:
 New Kitchen Course level
,Wed Mar 1 15:09
8f4d2d8b,SaltyFingerz,Merge branch 'MVP-prototype' of https://github.com/SaltyFingerz/Armadilloaf into MVP-prototype,,Wed Mar 1 14:05
43324cff,SaltyFingerz,cel shader that works with shadows in,,Wed Mar 1 14:05
490ef64a,BensariB,Update PlayerManagerScript.cs,,Wed Mar 1 12:53
cd995b61,BensariB,Fixed animation when free camera is active,,Wed Mar 1 12:48
7b683b88,BensariB,free camera orbits fix,,Wed Mar 1 12:37
c1ea0869,BensariB,rolling on the floor,,Wed Mar 1 11:55
81116e9b,BensariB,Rolling changing directions,changing directions now operates in angles
,Wed Mar 1 11:22
75c55232,BensariB,gravity and force fix on launching ball,,Wed Mar 1 10:50
d7c7f368,SaltyFingerz,Stove Hazard Prefabs,tagged as Hazard and using trigger volumes and particle effects
,Tue Feb 28 19:58
b2af0e45,SaltyFingerz,URP conversion,upgraded render pipeline to URP fixing the jagged shadows and the issue of lighting being rendered a short distance away from the observer
,Tue Feb 28 18:25
8a7adf0c,BensariB,direction change,,Tue Feb 28 16:46
d589fc7c,BensariB,Grayed out arrow,,Tue Feb 28 16:04
e5b05e0a,Lucia,new scene: Lucia,made my own scene:)
,Tue Feb 28 15:35
1d986ead,cazmeyy,Merge branch 'MVP-prototype' of https://github.com/SaltyFingerz/Armadilloaf into MVP-prototype,,Tue Feb 28 14:29
06edec87,cazmeyy,HoneySpoutShader,Actually Pushing the additional honey spout now, in 'HoneySpoutShader' file
,Tue Feb 28 14:29
805aea19,BensariB,Merge branch 'MVP-prototype' of https://github.com/SaltyFingerz/Armadilloaf into MVP-prototype,,Tue Feb 28 14:27
6b91c9bd,BensariB,movement disabled at the start of the launch,,Tue Feb 28 14:27
3bf3ec3f,cazmeyy,Merge branch 'MVP-prototype' of https://github.com/SaltyFingerz/Armadilloaf into MVP-prototype,,Tue Feb 28 14:26
488d5d87,SaltyFingerz,Merge branch 'MVP-prototype' of https://github.com/SaltyFingerz/Armadilloaf into MVP-prototype,,Tue Feb 28 12:23
9c297c80,AdamGGUK,Merge branch 'MVP-prototype' of https://github.com/SaltyFingerz/Armadilloaf into MVP-prototype,,Tue Feb 28 14:10
5f49794e,AdamGGUK,Added animations for intercardinal directions + sprint function,,Tue Feb 28 14:08
c6f787c6,SaltyFingerz,camera uninverted,,Tue Feb 28 12:23
58122117,BensariB,Merge branch 'MVP-prototype' of https://github.com/SaltyFingerz/Armadilloaf into MVP-prototype,,Tue Feb 28 11:52
21b1025f,BensariB,free camera no longer changes state,,Tue Feb 28 11:52
f4f4219b,SaltyFingerz,door no jiggle anymore, start size medium,,Tue Feb 28 11:48
c045f419,BensariB,Merge branch 'MVP-prototype' of https://github.com/SaltyFingerz/Armadilloaf into MVP-prototype,,Mon Feb 27 20:15
afa40134,BensariB,kitchen bug fix,,Mon Feb 27 20:14
78efc8e6,SaltyFingerz,added lighting in golf course,,Mon Feb 27 20:02
1f84cadb,BensariB,fixed ui,,Mon Feb 27 19:58
2191a6ab,BensariB,prefab change,,Mon Feb 27 19:47
04f4a1b7,SaltyFingerz,lighting tweak, removal of ball in kitchen,,Mon Feb 27 19:30
0a305196,SaltyFingerz,pause menu prefab updated,,Mon Feb 27 18:22
a22dda72,BensariB,jitter fix,,Mon Feb 27 17:05
aaa5a71b,BensariB,Merge branch 'MVP-prototype' of https://github.com/SaltyFingerz/Armadilloaf into MVP-prototype,,Mon Feb 27 16:35
ea71f22a,BensariB,arrow fix,,Mon Feb 27 16:34
4e4807b3,SaltyFingerz,updated prefabs to function in kitchen scene, rebaked kitchen lighting, added level selection to main menu,,Mon Feb 27 15:25
c0084b31,AdamGGUK,Sprites + animation,,Mon Feb 27 14:47
a0bed55d,AdamGGUK,Merge branch 'MVP-prototype' of https://github.com/SaltyFingerz/Armadilloaf into MVP-prototype,,Mon Feb 27 13:28
a3c47dbf,SaltyFingerz,cel-shading imported,,Thu Feb 23 13:04
4d79dc65,cazmeyy,Honey Spout,Added honey spout in own scene
,Wed Feb 22 20:17
f9123f3c,Matthew Hart,Wall/Door blockout additions,ADDED:
 -Wall Models
 -Door Models
FIXED:
 -Overlooked URP material mismatches
REMOVED:
 -Previous wall iteration
,Wed Feb 22 19:58
7102aa66,BensariB,Merge branch 'MVP-prototype' of https://github.com/SaltyFingerz/Armadilloaf into MVP-prototype,,Wed Feb 22 15:16
57daf69a,BensariB,player launch change,player launches in the direction of the arrow
,Wed Feb 22 15:15
4daaab79,SaltyFingerz,updated kitchen and living room materials for URP,,Wed Feb 22 15:04
af062261,SaltyFingerz,updated materials in launching scene to be URP compatible,,Wed Feb 22 14:57
49a26db2,BensariB,Merge branch 'MVP-prototype' of https://github.com/SaltyFingerz/Armadilloaf into MVP-prototype,,Wed Feb 22 14:43
fe389d94,BensariB,pause, menu and fail screen,,Wed Feb 22 14:43
010269d5,SaltyFingerz,upgrade to URP,,Wed Feb 22 14:31
9a7521f4,AdamGGUK,jumping + pushing implemented,,Wed Feb 22 13:38
9be004e2,SaltyFingerz,particle system for honey trail,,Wed Feb 22 13:11
d45f0541,cazmeyy,Hallway,Added Hallway and shelves for food in between kitchen and living room.
,Wed Feb 22 12:40
22a48760,BensariB,UI,,Wed Feb 22 12:27
267c3828,BensariB,Merge branch 'MVP-prototype' of https://github.com/SaltyFingerz/Armadilloaf into MVP-prototype,,Wed Feb 22 11:13
524a6846,BensariB,Placeholder arrow grow, minor camera changes,,Wed Feb 22 11:13
5fd5e248,SaltyFingerz,honey splat particle system prefab generated,prefab is in Prefabs>VFX
,Tue Feb 21 18:55
037edac2,SaltyFingerz,Merge branch 'MVP-prototype' of https://github.com/SaltyFingerz/Armadilloaf into MVP-prototype,,Tue Feb 21 18:53
ece9ea9e,SaltyFingerz,honey splat particle effect,particle effect generated in DenisLevelPrototype Scene
,Tue Feb 21 18:53
8fb1595c,BensariB,Update FreeMovementScript.cs,,Tue Feb 21 17:39
0cb1e915,BensariB,Cursor and free camera changes,-Cursor doesn't move off screen
-Free camera: mesh doesn't disappear
,Tue Feb 21 17:17
da90c9bc,BensariB,Merge branch 'MVP-prototype' of https://github.com/SaltyFingerz/Armadilloaf into MVP-prototype,,Tue Feb 21 16:12
00554d59,BensariB,Added ball size chage,-Moved shrink and grow functions to the player manager
-Player maintains size after changing the movement mode
,Tue Feb 21 16:11
0e1f9290,cazmeyy,Merge branch 'MVP-prototype' of https://github.com/SaltyFingerz/Armadilloaf into MVP-prototype,,Tue Feb 21 16:06
cacccdf3,cazmeyy,Rearranged living room,removed couch
made larger
swapped tv for fireplace
,Tue Feb 21 16:06
64f18320,BensariB,removed unnecessary prefabs,,Tue Feb 21 15:30
51e7c43d,BensariB,walking camera polish,Free camera changed, to do: fix movement directons
,Tue Feb 21 15:27
ceed9cab,BensariB,player walking movement,,Tue Feb 21 15:03
8e6ee3b6,BensariB,Pickup fix,,Tue Feb 21 14:37
7eb1a785,BensariB,base W movement,,Tue Feb 21 11:59
642450e5,BensariB,Camera change,,Tue Feb 21 11:04
c93d7e57,Matthew Hart,Blockout Additions,ADDED:
 Custom Wall with door & vent
 Additional Platforming
,Mon Feb 20 18:49
9b6350af,cazmeyy,Living room wall changes,Removed wall to kitchen
Made walls planes
,Mon Feb 20 14:49
94a25f0b,AdamGGUK,Merge branch 'MVP-prototype' of https://github.com/SaltyFingerz/Armadilloaf into MVP-prototype,,Mon Feb 20 14:40
2c5f2d06,AdamGGUK,encapsulated grow and shrink functions, and added power ups,,Mon Feb 20 14:39
3965f2ae,Matthew Hart,Kitchen & Living Room Prefab Fixes,CHANGES:
 - Living Room Prefab centered
 - Kitchen Prefab Centered, transformations fixed
,Mon Feb 20 14:25
48b74c20,BensariB,Update Launching.unity,,Mon Feb 20 13:10
3f2eb052,BensariB,player prefab update,,Mon Feb 20 13:05
f5754d2b,BensariB,Revert "prefab changes",This reverts commit b2f5b5e294efe4a29bb26df8e5020445b909c8ad.
,Mon Feb 20 13:01
b2f5b5e2,BensariB,prefab changes,,Mon Feb 20 13:00
86f6126a,SaltyFingerz,walking camera adjustments,,Mon Feb 20 12:45
8befaafa,SaltyFingerz,unpacked living room prefab,,Mon Feb 20 12:36
f5353222,BensariB,Merge branch 'MVP-prototype' of https://github.com/SaltyFingerz/Armadilloaf into MVP-prototype,,Mon Feb 20 12:22
29362181,BensariB,reset bugfix,,Mon Feb 20 12:21
6e48cf31,SaltyFingerz,Merge branch 'LevelPrototype-Merge' into MVP-prototype,,Sat Feb 18 13:04
305ef907,SaltyFingerz,kitchen prefab bug fix,,Sat Feb 18 13:02
4b731fec,BensariB,Resetting and free camera,-resetting by using R button for now
-basic free camera, directions will be fixed
-arrow jitter fix
,Fri Feb 17 22:27
275b65ea,BensariB,colliders, free cam start,,Wed Feb 15 15:36
48b0857e,SaltyFingerz,ktichen and living room combined in scene with custom assets,,Wed Feb 15 15:06
bc7dc0f8,BensariB,camera Fix,,Wed Feb 15 14:28
eebe9df0,TheMightySultan,Kitchen_Custom_Assets,,Wed Feb 15 14:07
082a2260,cazmeyy,Living room assets,,Wed Feb 15 14:06
43b34fdf,TheMightySultan,Delete PREFAB_KITCHEN.prefab.meta,,Wed Feb 15 13:42
11de53d6,TheMightySultan,Delete PREFAB_KITCHEN.prefab,,Wed Feb 15 13:41
6351f52a,TheMightySultan,Kitchen_Prefab,,Wed Feb 15 13:41
9cea3339,TheMightySultan,prefab_kitchen,,Wed Feb 15 13:40
546879ac,BensariB,prototype mechanics,Cameras, launching, size changing, sliding
,Wed Feb 15 12:44
c5d51e79,SaltyFingerz,level example raft golf course,,Tue Feb 14 17:06
70f09798,SaltyFingerz,lfs fix,,Tue Jan 24 16:24
dec0cc09,SaltyFingerz,Merge branch 'main' of https://github.com/SaltyFingerz/DES310_Game,,Tue Jan 24 16:23
d1a62c4a,Matthew Hart,Revert TestDoc,Just a prank bro
,Tue Jan 24 16:20
a3db73e7,SaltyFingerz,Merge branch 'main' of https://github.com/SaltyFingerz/DES310_Game,,Tue Jan 24 16:20
88d57772,SaltyFingerz,version update,,Tue Jan 24 16:19
a6c51d16,Matthew Hart,Create testdoc.txt,,Tue Jan 24 16:18
d0b60a07,SaltyFingerz,Initial commit,,Tue Jan 24 16:04